prompt_id,category,complexity,classifier_model,classified_at
demo-000-450c5bbc:p001,docs,2,heuristic-v2,2026-06-09T08:27:08.000Z
demo-000-450c5bbc:p002,docs,2,heuristic-v2,2026-06-09T09:01:08.000Z
demo-000-450c5bbc:p003,debug,4,heuristic-v2,2026-06-09T09:22:08.000Z
demo-000-450c5bbc:p004,implementation,2,heuristic-v2,2026-06-09T09:44:08.000Z
demo-000-450c5bbc:p005,other,3,heuristic-v2,2026-06-09T10:08:08.000Z
demo-000-450c5bbc:p006,plan,3,heuristic-v2,2026-06-09T10:36:08.000Z
demo-000-450c5bbc:p007,question,2,heuristic-v2,2026-06-09T11:08:08.000Z
demo-000-450c5bbc:p008,ops,3,heuristic-v2,2026-06-09T11:34:08.000Z
demo-000-450c5bbc:p009,other,3,heuristic-v2,2026-06-09T11:58:08.000Z
demo-000-450c5bbc:p010,implementation,2,heuristic-v2,2026-06-09T12:19:08.000Z
demo-000-450c5bbc:p011,review,3,heuristic-v2,2026-06-09T12:43:08.000Z
demo-000-450c5bbc:p012,implementation,2,heuristic-v2,2026-06-09T13:11:08.000Z
demo-000-450c5bbc:p013,other,2,heuristic-v2,2026-06-09T13:37:08.000Z
demo-000-450c5bbc:p014,other,3,heuristic-v2,2026-06-09T14:16:08.000Z
demo-000-450c5bbc:p015,plan,4,heuristic-v2,2026-06-09T14:24:08.000Z
demo-000-450c5bbc:p016,debug,3,heuristic-v2,2026-06-09T14:55:08.000Z
demo-000-450c5bbc:p017,question,2,heuristic-v2,2026-06-09T15:20:08.000Z
demo-000-450c5bbc:p018,debug,4,heuristic-v2,2026-06-09T16:00:08.000Z
demo-000-450c5bbc:p019,followup,2,heuristic-v2,2026-06-09T16:10:08.000Z
demo-000-450c5bbc:p020,docs,2,heuristic-v2,2026-06-09T16:40:08.000Z
demo-000-450c5bbc:p021,question,1,heuristic-v2,2026-06-09T16:46:08.000Z
demo-000-450c5bbc:p022,debug,5,heuristic-v2,2026-06-09T17:26:08.000Z
demo-000-450c5bbc:p023,refactor,4,heuristic-v2,2026-06-09T17:35:08.000Z
demo-000-450c5bbc:p024,plan,4,heuristic-v2,2026-06-09T17:53:08.000Z
demo-000-450c5bbc:p025,question,1,heuristic-v2,2026-06-09T18:09:08.000Z
demo-000-450c5bbc:p026,debug,3,heuristic-v2,2026-06-09T18:24:08.000Z
demo-000-450c5bbc:p027,docs,2,heuristic-v2,2026-06-09T18:59:08.000Z
demo-000-450c5bbc:p028,review,2,heuristic-v2,2026-06-09T19:01:08.000Z
demo-000-450c5bbc:p029,test,2,heuristic-v2,2026-06-09T19:09:08.000Z
demo-000-450c5bbc:p030,other,1,heuristic-v2,2026-06-09T19:24:08.000Z
demo-000-450c5bbc:p031,question,2,heuristic-v2,2026-06-09T19:37:08.000Z
demo-000-450c5bbc:p032,test,2,heuristic-v2,2026-06-09T20:00:08.000Z
demo-000-450c5bbc:p033,plan,2,heuristic-v2,2026-06-09T20:06:08.000Z
demo-000-450c5bbc:p034,question,2,heuristic-v2,2026-06-09T20:36:08.000Z
demo-000-450c5bbc:p035,implementation,5,heuristic-v2,2026-06-09T20:40:08.000Z
demo-000-450c5bbc:p036,review,3,heuristic-v2,2026-06-09T21:11:08.000Z
demo-001-638b2bb1:p001,debug,3,heuristic-v2,2026-05-30T10:00:33.000Z
demo-001-638b2bb1:p002,question,1,heuristic-v2,2026-05-30T10:03:33.000Z
demo-001-638b2bb1:p003,debug,4,heuristic-v2,2026-05-30T10:08:33.000Z
demo-001-638b2bb1:p004,test,4,heuristic-v2,2026-05-30T10:10:33.000Z
demo-001-638b2bb1:p005,refactor,4,heuristic-v2,2026-05-30T10:17:33.000Z
demo-002-8356f0d0:p001,docs,1,heuristic-v2,2026-06-04T21:08:24.000Z
demo-002-8356f0d0:p002,docs,2,heuristic-v2,2026-06-04T21:13:24.000Z
demo-002-8356f0d0:p003,test,2,heuristic-v2,2026-06-04T21:21:24.000Z
demo-002-8356f0d0:p004,implementation,4,heuristic-v2,2026-06-04T21:44:24.000Z
demo-002-8356f0d0:p005,test,2,heuristic-v2,2026-06-04T21:53:24.000Z
demo-002-8356f0d0:p006,debug,3,heuristic-v2,2026-06-04T22:07:24.000Z
demo-002-8356f0d0:p007,implementation,2,heuristic-v2,2026-06-04T22:36:24.000Z
demo-002-8356f0d0:p008,other,1,heuristic-v2,2026-06-04T23:03:24.000Z
demo-002-8356f0d0:p009,plan,2,heuristic-v2,2026-06-04T23:35:24.000Z
demo-002-8356f0d0:p010,debug,4,heuristic-v2,2026-06-04T23:57:24.000Z
demo-002-8356f0d0:p011,implementation,5,heuristic-v2,2026-06-05T00:26:24.000Z
demo-002-8356f0d0:p012,question,3,heuristic-v2,2026-06-05T01:00:24.000Z
demo-002-8356f0d0:p013,plan,3,heuristic-v2,2026-06-05T01:29:24.000Z
demo-003-47ba47d3:p001,plan,2,heuristic-v2,2026-05-10T14:06:26.000Z
demo-003-47ba47d3:p002,ops,1,heuristic-v2,2026-05-10T14:44:26.000Z
demo-003-47ba47d3:p003,refactor,5,heuristic-v2,2026-05-10T14:56:26.000Z
demo-003-47ba47d3:p004,implementation,2,heuristic-v2,2026-05-10T15:27:26.000Z
demo-003-47ba47d3:p005,question,1,heuristic-v2,2026-05-10T15:49:26.000Z
demo-003-47ba47d3:p006,implementation,2,heuristic-v2,2026-05-10T16:11:26.000Z
demo-003-47ba47d3:p007,question,2,heuristic-v2,2026-05-10T16:45:26.000Z
demo-003-47ba47d3:p008,plan,2,heuristic-v2,2026-05-10T16:57:26.000Z
demo-003-47ba47d3:p009,implementation,2,heuristic-v2,2026-05-10T17:04:26.000Z
demo-003-47ba47d3:p010,review,3,heuristic-v2,2026-05-10T17:38:26.000Z
demo-004-1e214b52:p001,test,4,heuristic-v2,2026-05-13T12:44:14.000Z
demo-004-1e214b52:p002,refactor,5,heuristic-v2,2026-05-13T13:10:14.000Z
demo-004-1e214b52:p003,followup,2,heuristic-v2,2026-05-13T13:26:14.000Z
demo-004-1e214b52:p004,debug,4,heuristic-v2,2026-05-13T13:34:14.000Z
demo-004-1e214b52:p005,implementation,2,heuristic-v2,2026-05-13T13:54:14.000Z
demo-004-1e214b52:p006,implementation,4,heuristic-v2,2026-05-13T14:18:14.000Z
demo-004-1e214b52:p007,question,2,heuristic-v2,2026-05-13T14:54:14.000Z
demo-004-1e214b52:p008,implementation,5,heuristic-v2,2026-05-13T15:05:14.000Z
demo-004-1e214b52:p009,question,3,heuristic-v2,2026-05-13T15:37:14.000Z
demo-004-1e214b52:p010,test,2,heuristic-v2,2026-05-13T16:08:14.000Z
demo-004-1e214b52:p011,docs,3,heuristic-v2,2026-05-13T16:35:14.000Z
demo-004-1e214b52:p012,docs,3,heuristic-v2,2026-05-13T16:40:14.000Z
demo-004-1e214b52:p013,debug,5,heuristic-v2,2026-05-13T16:50:14.000Z
demo-004-1e214b52:p014,other,1,heuristic-v2,2026-05-13T16:56:14.000Z
demo-004-1e214b52:p015,question,2,heuristic-v2,2026-05-13T17:24:14.000Z
demo-004-1e214b52:p016,debug,3,heuristic-v2,2026-05-13T17:27:14.000Z
demo-004-1e214b52:p017,debug,4,heuristic-v2,2026-05-13T17:42:14.000Z
demo-005-5ae14d75:p001,other,3,heuristic-v2,2026-04-16T23:26:33.000Z
demo-005-5ae14d75:p002,ops,1,heuristic-v2,2026-04-16T23:43:33.000Z
demo-005-5ae14d75:p003,review,4,heuristic-v2,2026-04-17T00:15:33.000Z
demo-005-5ae14d75:p004,debug,5,heuristic-v2,2026-04-17T00:49:33.000Z
demo-005-5ae14d75:p005,question,3,heuristic-v2,2026-04-17T01:07:33.000Z
demo-005-5ae14d75:p006,debug,3,heuristic-v2,2026-04-17T01:37:33.000Z
demo-006-1fb999e6:p001,other,2,heuristic-v2,2026-04-22T01:31:02.000Z
demo-006-1fb999e6:p002,docs,3,heuristic-v2,2026-04-22T02:04:02.000Z
demo-006-1fb999e6:p003,plan,4,heuristic-v2,2026-04-22T02:15:02.000Z
demo-006-1fb999e6:p004,plan,2,heuristic-v2,2026-04-22T02:32:02.000Z
demo-006-1fb999e6:p005,plan,2,heuristic-v2,2026-04-22T02:49:02.000Z
demo-006-1fb999e6:p006,debug,4,heuristic-v2,2026-04-22T03:28:02.000Z
demo-006-1fb999e6:p007,other,2,heuristic-v2,2026-04-22T03:37:02.000Z
demo-006-1fb999e6:p008,test,2,heuristic-v2,2026-04-22T03:44:02.000Z
demo-006-1fb999e6:p009,implementation,2,heuristic-v2,2026-04-22T04:11:02.000Z
demo-006-1fb999e6:p010,debug,5,heuristic-v2,2026-04-22T04:37:02.000Z
demo-007-0b96130a:p001,debug,4,heuristic-v2,2026-01-30T17:37:47.000Z
demo-007-0b96130a:p002,plan,2,heuristic-v2,2026-01-30T18:13:47.000Z
demo-007-0b96130a:p003,implementation,3,heuristic-v2,2026-01-30T18:20:47.000Z
demo-007-0b96130a:p004,docs,3,heuristic-v2,2026-01-30T18:37:47.000Z
demo-008-493d65aa:p001,debug,4,heuristic-v2,2026-05-22T18:59:20.000Z
demo-008-493d65aa:p002,docs,2,heuristic-v2,2026-05-22T19:37:20.000Z
demo-008-493d65aa:p003,question,3,heuristic-v2,2026-05-22T20:16:20.000Z
demo-008-493d65aa:p004,implementation,4,heuristic-v2,2026-05-22T20:33:20.000Z
demo-008-493d65aa:p005,question,1,heuristic-v2,2026-05-22T21:09:20.000Z
demo-008-493d65aa:p006,debug,5,heuristic-v2,2026-05-22T21:17:20.000Z
demo-008-493d65aa:p007,test,2,heuristic-v2,2026-05-22T21:27:20.000Z
demo-008-493d65aa:p008,test,4,heuristic-v2,2026-05-22T21:44:20.000Z
demo-008-493d65aa:p009,followup,1,heuristic-v2,2026-05-22T21:52:20.000Z
demo-009-89415ed4:p001,debug,4,heuristic-v2,2026-02-28T08:45:51.000Z
demo-009-89415ed4:p002,ops,2,heuristic-v2,2026-02-28T09:15:51.000Z
demo-009-89415ed4:p003,plan,2,heuristic-v2,2026-02-28T09:39:51.000Z
demo-009-89415ed4:p004,question,3,heuristic-v2,2026-02-28T10:03:51.000Z
demo-009-89415ed4:p005,question,2,heuristic-v2,2026-02-28T10:21:51.000Z
demo-009-89415ed4:p006,test,3,heuristic-v2,2026-02-28T10:39:51.000Z
demo-009-89415ed4:p007,ops,2,heuristic-v2,2026-02-28T10:54:51.000Z
demo-009-89415ed4:p008,followup,1,heuristic-v2,2026-02-28T11:10:51.000Z
demo-010-a9987b64:p001,test,2,heuristic-v2,2026-03-13T01:02:30.000Z
demo-010-a9987b64:p002,docs,3,heuristic-v2,2026-03-13T01:37:30.000Z
demo-010-a9987b64:p003,followup,1,heuristic-v2,2026-03-13T01:54:30.000Z
demo-010-a9987b64:p004,other,2,heuristic-v2,2026-03-13T02:32:30.000Z
demo-010-a9987b64:p005,question,2,heuristic-v2,2026-03-13T02:35:30.000Z
demo-010-a9987b64:p006,debug,4,heuristic-v2,2026-03-13T02:45:30.000Z
demo-010-a9987b64:p007,ops,2,heuristic-v2,2026-03-13T03:11:30.000Z
demo-010-a9987b64:p008,test,2,heuristic-v2,2026-03-13T03:18:30.000Z
demo-010-a9987b64:p009,implementation,5,heuristic-v2,2026-03-13T03:32:30.000Z
demo-010-a9987b64:p010,review,4,heuristic-v2,2026-03-13T03:42:30.000Z
demo-011-c50e7639:p001,plan,3,heuristic-v2,2026-05-24T11:54:53.000Z
demo-011-c50e7639:p002,review,5,heuristic-v2,2026-05-24T12:07:53.000Z
demo-011-c50e7639:p003,question,1,heuristic-v2,2026-05-24T12:47:53.000Z
demo-011-c50e7639:p004,other,2,heuristic-v2,2026-05-24T12:58:53.000Z
demo-011-c50e7639:p005,plan,3,heuristic-v2,2026-05-24T13:07:53.000Z
demo-012-2960a43d:p001,ops,2,heuristic-v2,2026-06-09T05:04:18.000Z
demo-012-2960a43d:p002,question,3,heuristic-v2,2026-06-09T05:39:18.000Z
demo-012-2960a43d:p003,other,3,heuristic-v2,2026-06-09T05:51:18.000Z
demo-012-2960a43d:p004,plan,4,heuristic-v2,2026-06-09T05:57:18.000Z
demo-012-2960a43d:p005,followup,2,heuristic-v2,2026-06-09T06:29:18.000Z
demo-012-2960a43d:p006,question,3,heuristic-v2,2026-06-09T06:41:18.000Z
demo-012-2960a43d:p007,plan,4,heuristic-v2,2026-06-09T06:47:18.000Z
demo-012-2960a43d:p008,debug,3,heuristic-v2,2026-06-09T07:06:18.000Z
demo-012-2960a43d:p009,implementation,5,heuristic-v2,2026-06-09T07:16:18.000Z
demo-012-2960a43d:p010,debug,4,heuristic-v2,2026-06-09T07:24:18.000Z
demo-012-2960a43d:p011,plan,4,heuristic-v2,2026-06-09T07:57:18.000Z
demo-012-2960a43d:p012,docs,1,heuristic-v2,2026-06-09T08:31:18.000Z
demo-012-2960a43d:p013,plan,4,heuristic-v2,2026-06-09T08:37:18.000Z
demo-012-2960a43d:p014,question,1,heuristic-v2,2026-06-09T09:15:18.000Z
demo-012-2960a43d:p015,ops,1,heuristic-v2,2026-06-09T09:17:18.000Z
demo-012-2960a43d:p016,implementation,2,heuristic-v2,2026-06-09T09:46:18.000Z
demo-013-b9eb2f85:p001,debug,3,heuristic-v2,2026-05-30T06:04:18.000Z
demo-013-b9eb2f85:p002,plan,3,heuristic-v2,2026-05-30T06:25:18.000Z
demo-013-b9eb2f85:p003,plan,4,heuristic-v2,2026-05-30T06:51:18.000Z
demo-013-b9eb2f85:p004,refactor,4,heuristic-v2,2026-05-30T07:26:18.000Z
demo-013-b9eb2f85:p005,ops,2,heuristic-v2,2026-05-30T07:37:18.000Z
demo-013-b9eb2f85:p006,debug,5,heuristic-v2,2026-05-30T08:01:18.000Z
demo-013-b9eb2f85:p007,plan,2,heuristic-v2,2026-05-30T08:20:18.000Z
demo-013-b9eb2f85:p008,ops,2,heuristic-v2,2026-05-30T08:52:18.000Z
demo-013-b9eb2f85:p009,question,2,heuristic-v2,2026-05-30T08:54:18.000Z
demo-013-b9eb2f85:p010,other,1,heuristic-v2,2026-05-30T09:03:18.000Z
demo-013-b9eb2f85:p011,other,1,heuristic-v2,2026-05-30T09:34:18.000Z
demo-013-b9eb2f85:p012,docs,3,heuristic-v2,2026-05-30T09:53:18.000Z
demo-013-b9eb2f85:p013,docs,2,heuristic-v2,2026-05-30T10:01:18.000Z
demo-014-dfa0e9f1:p001,implementation,2,heuristic-v2,2026-04-03T21:17:29.000Z
demo-014-dfa0e9f1:p002,question,2,heuristic-v2,2026-04-03T21:32:29.000Z
demo-014-dfa0e9f1:p003,other,2,heuristic-v2,2026-04-03T21:49:29.000Z
demo-014-dfa0e9f1:p004,debug,4,heuristic-v2,2026-04-03T21:58:29.000Z
demo-014-dfa0e9f1:p005,ops,1,heuristic-v2,2026-04-03T22:26:29.000Z
demo-014-dfa0e9f1:p006,question,1,heuristic-v2,2026-04-03T22:36:29.000Z
demo-014-dfa0e9f1:p007,review,2,heuristic-v2,2026-04-03T22:47:29.000Z
demo-014-dfa0e9f1:p008,plan,4,heuristic-v2,2026-04-03T23:20:29.000Z
demo-014-dfa0e9f1:p009,ops,1,heuristic-v2,2026-04-03T23:24:29.000Z
demo-014-dfa0e9f1:p010,debug,3,heuristic-v2,2026-04-04T00:00:29.000Z
demo-014-dfa0e9f1:p011,review,5,heuristic-v2,2026-04-04T00:13:29.000Z
demo-014-dfa0e9f1:p012,review,3,heuristic-v2,2026-04-04T00:43:29.000Z
demo-015-8fc82e35:p001,ops,3,heuristic-v2,2026-03-14T04:41:00.000Z
demo-015-8fc82e35:p002,followup,1,heuristic-v2,2026-03-14T05:17:00.000Z
demo-015-8fc82e35:p003,other,2,heuristic-v2,2026-03-14T05:52:00.000Z
demo-015-8fc82e35:p004,followup,1,heuristic-v2,2026-03-14T06:29:00.000Z
demo-015-8fc82e35:p005,debug,4,heuristic-v2,2026-03-14T07:02:00.000Z
demo-015-8fc82e35:p006,question,3,heuristic-v2,2026-03-14T07:21:00.000Z
demo-015-8fc82e35:p007,followup,1,heuristic-v2,2026-03-14T07:58:00.000Z
demo-015-8fc82e35:p008,followup,2,heuristic-v2,2026-03-14T08:23:00.000Z
demo-015-8fc82e35:p009,other,3,heuristic-v2,2026-03-14T08:54:00.000Z
demo-015-8fc82e35:p010,ops,2,heuristic-v2,2026-03-14T09:33:00.000Z
demo-016-f10087cf:p001,debug,5,heuristic-v2,2026-03-05T22:16:25.000Z
demo-016-f10087cf:p002,plan,2,heuristic-v2,2026-03-05T22:29:25.000Z
demo-016-f10087cf:p003,debug,4,heuristic-v2,2026-03-05T22:37:25.000Z
demo-016-f10087cf:p004,docs,3,heuristic-v2,2026-03-05T23:08:25.000Z
demo-016-f10087cf:p005,implementation,5,heuristic-v2,2026-03-05T23:31:25.000Z
demo-016-f10087cf:p006,plan,4,heuristic-v2,2026-03-06T00:06:25.000Z
demo-016-f10087cf:p007,question,1,heuristic-v2,2026-03-06T00:30:25.000Z
demo-016-f10087cf:p008,docs,1,heuristic-v2,2026-03-06T00:45:25.000Z
demo-017-4f15148f:p001,question,2,heuristic-v2,2026-05-27T05:10:04.000Z
demo-017-4f15148f:p002,question,2,heuristic-v2,2026-05-27T05:27:04.000Z
demo-017-4f15148f:p003,test,3,heuristic-v2,2026-05-27T05:39:04.000Z
demo-017-4f15148f:p004,question,2,heuristic-v2,2026-05-27T06:18:04.000Z
demo-017-4f15148f:p005,question,2,heuristic-v2,2026-05-27T06:45:04.000Z
demo-017-4f15148f:p006,docs,2,heuristic-v2,2026-05-27T06:59:04.000Z
demo-018-48b2c8a5:p001,review,5,heuristic-v2,2025-12-25T02:16:56.000Z
demo-018-48b2c8a5:p002,debug,4,heuristic-v2,2025-12-25T02:41:56.000Z
demo-018-48b2c8a5:p003,debug,4,heuristic-v2,2025-12-25T03:16:56.000Z
demo-018-48b2c8a5:p004,question,1,heuristic-v2,2025-12-25T03:32:56.000Z
demo-018-48b2c8a5:p005,question,1,heuristic-v2,2025-12-25T04:00:56.000Z
demo-018-48b2c8a5:p006,other,1,heuristic-v2,2025-12-25T04:23:56.000Z
demo-018-48b2c8a5:p007,refactor,4,heuristic-v2,2025-12-25T04:33:56.000Z
demo-018-48b2c8a5:p008,docs,3,heuristic-v2,2025-12-25T05:00:56.000Z
demo-018-48b2c8a5:p009,implementation,2,heuristic-v2,2025-12-25T05:36:56.000Z
demo-019-158f03c8:p001,question,2,heuristic-v2,2026-04-30T09:02:11.000Z
demo-019-158f03c8:p002,test,4,heuristic-v2,2026-04-30T09:11:11.000Z
demo-019-158f03c8:p003,test,4,heuristic-v2,2026-04-30T09:23:11.000Z
demo-020-0164b3ae:p001,test,3,heuristic-v2,2026-01-19T08:51:34.000Z
demo-020-0164b3ae:p002,question,2,heuristic-v2,2026-01-19T09:19:34.000Z
demo-020-0164b3ae:p003,other,2,heuristic-v2,2026-01-19T09:34:34.000Z
demo-020-0164b3ae:p004,other,2,heuristic-v2,2026-01-19T09:48:34.000Z
demo-020-0164b3ae:p005,implementation,4,heuristic-v2,2026-01-19T09:50:34.000Z
demo-020-0164b3ae:p006,debug,3,heuristic-v2,2026-01-19T10:16:34.000Z
demo-020-0164b3ae:p007,debug,5,heuristic-v2,2026-01-19T10:44:34.000Z
demo-020-0164b3ae:p008,review,5,heuristic-v2,2026-01-19T11:21:34.000Z
demo-020-0164b3ae:p009,review,4,heuristic-v2,2026-01-19T11:29:34.000Z
demo-021-7ab39286:p001,question,2,heuristic-v2,2026-06-08T05:32:02.000Z
demo-021-7ab39286:p002,review,5,heuristic-v2,2026-06-08T06:00:02.000Z
demo-021-7ab39286:p003,implementation,3,heuristic-v2,2026-06-08T06:32:02.000Z
demo-021-7ab39286:p004,question,3,heuristic-v2,2026-06-08T06:51:02.000Z
demo-021-7ab39286:p005,plan,3,heuristic-v2,2026-06-08T07:18:02.000Z
demo-021-7ab39286:p006,review,3,heuristic-v2,2026-06-08T07:51:02.000Z
demo-021-7ab39286:p007,plan,3,heuristic-v2,2026-06-08T08:16:02.000Z
demo-021-7ab39286:p008,debug,5,heuristic-v2,2026-06-08T08:41:02.000Z
demo-021-7ab39286:p009,debug,4,heuristic-v2,2026-06-08T08:59:02.000Z
demo-021-7ab39286:p010,other,3,heuristic-v2,2026-06-08T09:36:02.000Z
demo-021-7ab39286:p011,followup,1,heuristic-v2,2026-06-08T10:12:02.000Z
demo-021-7ab39286:p012,review,3,heuristic-v2,2026-06-08T10:50:02.000Z
demo-021-7ab39286:p013,implementation,4,heuristic-v2,2026-06-08T11:20:02.000Z
demo-021-7ab39286:p014,debug,4,heuristic-v2,2026-06-08T11:54:02.000Z
demo-021-7ab39286:p015,review,4,heuristic-v2,2026-06-08T12:30:02.000Z
demo-021-7ab39286:p016,question,3,heuristic-v2,2026-06-08T12:48:02.000Z
demo-021-7ab39286:p017,other,2,heuristic-v2,2026-06-08T13:26:02.000Z
demo-021-7ab39286:p018,other,1,heuristic-v2,2026-06-08T14:03:02.000Z
demo-021-7ab39286:p019,plan,3,heuristic-v2,2026-06-08T14:17:02.000Z
demo-021-7ab39286:p020,ops,2,heuristic-v2,2026-06-08T14:56:02.000Z
demo-021-7ab39286:p021,implementation,2,heuristic-v2,2026-06-08T14:59:02.000Z
demo-022-abccfffd:p001,implementation,4,heuristic-v2,2026-05-30T14:00:32.000Z
demo-022-abccfffd:p002,docs,1,heuristic-v2,2026-05-30T14:09:32.000Z
demo-022-abccfffd:p003,question,1,heuristic-v2,2026-05-30T14:14:32.000Z
demo-023-042116e8:p001,debug,5,heuristic-v2,2026-06-03T13:34:40.000Z
demo-023-042116e8:p002,implementation,3,heuristic-v2,2026-06-03T14:09:40.000Z
demo-023-042116e8:p003,review,4,heuristic-v2,2026-06-03T14:14:40.000Z
demo-023-042116e8:p004,plan,4,heuristic-v2,2026-06-03T14:37:40.000Z
demo-023-042116e8:p005,implementation,3,heuristic-v2,2026-06-03T15:17:40.000Z
demo-024-171600f1:p001,other,3,heuristic-v2,2026-02-16T13:16:05.000Z
demo-024-171600f1:p002,review,2,heuristic-v2,2026-02-16T13:49:05.000Z
demo-024-171600f1:p003,refactor,4,heuristic-v2,2026-02-16T14:17:05.000Z
demo-024-171600f1:p004,ops,2,heuristic-v2,2026-02-16T14:28:05.000Z
demo-024-171600f1:p005,followup,2,heuristic-v2,2026-02-16T14:30:05.000Z
demo-024-171600f1:p006,debug,4,heuristic-v2,2026-02-16T15:06:05.000Z
demo-024-171600f1:p007,plan,3,heuristic-v2,2026-02-16T15:24:05.000Z
demo-024-171600f1:p008,implementation,2,heuristic-v2,2026-02-16T15:31:05.000Z
demo-024-171600f1:p009,debug,3,heuristic-v2,2026-02-16T15:48:05.000Z
demo-024-171600f1:p010,other,3,heuristic-v2,2026-02-16T16:09:05.000Z
demo-024-171600f1:p011,other,2,heuristic-v2,2026-02-16T16:36:05.000Z
demo-024-171600f1:p012,implementation,3,heuristic-v2,2026-02-16T16:52:05.000Z
demo-024-171600f1:p013,docs,2,heuristic-v2,2026-02-16T17:03:05.000Z
demo-024-171600f1:p014,plan,3,heuristic-v2,2026-02-16T17:08:05.000Z
demo-024-171600f1:p015,review,4,heuristic-v2,2026-02-16T17:45:05.000Z
demo-024-171600f1:p016,question,2,heuristic-v2,2026-02-16T18:12:05.000Z
demo-024-171600f1:p017,test,2,heuristic-v2,2026-02-16T18:34:05.000Z
demo-024-171600f1:p018,followup,1,heuristic-v2,2026-02-16T18:36:05.000Z
demo-024-171600f1:p019,debug,4,heuristic-v2,2026-02-16T18:54:05.000Z
demo-024-171600f1:p020,refactor,3,heuristic-v2,2026-02-16T18:59:05.000Z
demo-024-171600f1:p021,question,2,heuristic-v2,2026-02-16T19:31:05.000Z
demo-024-171600f1:p022,implementation,3,heuristic-v2,2026-02-16T19:42:05.000Z
demo-024-171600f1:p023,test,2,heuristic-v2,2026-02-16T19:50:05.000Z
demo-024-171600f1:p024,other,2,heuristic-v2,2026-02-16T20:01:05.000Z
demo-024-171600f1:p025,debug,5,heuristic-v2,2026-02-16T20:38:05.000Z
demo-024-171600f1:p026,debug,5,heuristic-v2,2026-02-16T21:04:05.000Z
demo-025-3ab52417:p001,implementation,5,heuristic-v2,2026-05-07T21:21:26.000Z
demo-025-3ab52417:p002,plan,4,heuristic-v2,2026-05-07T21:43:26.000Z
demo-025-3ab52417:p003,debug,5,heuristic-v2,2026-05-07T22:14:26.000Z
demo-025-3ab52417:p004,debug,3,heuristic-v2,2026-05-07T22:49:26.000Z
demo-025-3ab52417:p005,review,5,heuristic-v2,2026-05-07T23:06:26.000Z
demo-025-3ab52417:p006,implementation,3,heuristic-v2,2026-05-07T23:34:26.000Z
demo-025-3ab52417:p007,other,1,heuristic-v2,2026-05-08T00:11:26.000Z
demo-025-3ab52417:p008,implementation,5,heuristic-v2,2026-05-08T00:37:26.000Z
demo-025-3ab52417:p009,implementation,4,heuristic-v2,2026-05-08T00:49:26.000Z
demo-025-3ab52417:p010,debug,3,heuristic-v2,2026-05-08T01:05:26.000Z
demo-025-3ab52417:p011,question,1,heuristic-v2,2026-05-08T01:13:26.000Z
demo-025-3ab52417:p012,debug,3,heuristic-v2,2026-05-08T01:30:26.000Z
demo-025-3ab52417:p013,implementation,3,heuristic-v2,2026-05-08T01:36:26.000Z
demo-025-3ab52417:p014,debug,4,heuristic-v2,2026-05-08T02:10:26.000Z
demo-025-3ab52417:p015,ops,2,heuristic-v2,2026-05-08T02:43:26.000Z
demo-025-3ab52417:p016,review,4,heuristic-v2,2026-05-08T03:02:26.000Z
demo-025-3ab52417:p017,other,3,heuristic-v2,2026-05-08T03:15:26.000Z
demo-025-3ab52417:p018,followup,2,heuristic-v2,2026-05-08T03:39:26.000Z
demo-025-3ab52417:p019,review,3,heuristic-v2,2026-05-08T03:54:26.000Z
demo-025-3ab52417:p020,ops,3,heuristic-v2,2026-05-08T04:05:26.000Z
demo-025-3ab52417:p021,plan,2,heuristic-v2,2026-05-08T04:43:26.000Z
demo-025-3ab52417:p022,question,1,heuristic-v2,2026-05-08T04:58:26.000Z
demo-025-3ab52417:p023,review,4,heuristic-v2,2026-05-08T05:22:26.000Z
demo-025-3ab52417:p024,question,2,heuristic-v2,2026-05-08T05:32:26.000Z
demo-025-3ab52417:p025,ops,2,heuristic-v2,2026-05-08T06:03:26.000Z
demo-026-34fd07a5:p001,implementation,5,heuristic-v2,2026-01-28T14:52:38.000Z
demo-026-34fd07a5:p002,other,3,heuristic-v2,2026-01-28T15:20:38.000Z
demo-026-34fd07a5:p003,debug,5,heuristic-v2,2026-01-28T16:00:38.000Z
demo-026-34fd07a5:p004,other,1,heuristic-v2,2026-01-28T16:03:38.000Z
demo-026-34fd07a5:p005,plan,3,heuristic-v2,2026-01-28T16:34:38.000Z
demo-026-34fd07a5:p006,followup,1,heuristic-v2,2026-01-28T16:48:38.000Z
demo-026-34fd07a5:p007,question,2,heuristic-v2,2026-01-28T17:18:38.000Z
demo-026-34fd07a5:p008,plan,2,heuristic-v2,2026-01-28T17:41:38.000Z
demo-026-34fd07a5:p009,debug,5,heuristic-v2,2026-01-28T17:43:38.000Z
demo-026-34fd07a5:p010,review,4,heuristic-v2,2026-01-28T17:54:38.000Z
demo-026-34fd07a5:p011,test,2,heuristic-v2,2026-01-28T18:24:38.000Z
demo-026-34fd07a5:p012,debug,3,heuristic-v2,2026-01-28T18:37:38.000Z
demo-026-34fd07a5:p013,ops,1,heuristic-v2,2026-01-28T19:13:38.000Z
demo-026-34fd07a5:p014,implementation,5,heuristic-v2,2026-01-28T19:18:38.000Z
demo-027-446dc987:p001,ops,1,heuristic-v2,2026-03-15T01:12:13.000Z
demo-027-446dc987:p002,ops,2,heuristic-v2,2026-03-15T01:41:13.000Z
demo-027-446dc987:p003,other,1,heuristic-v2,2026-03-15T02:08:13.000Z
demo-027-446dc987:p004,implementation,4,heuristic-v2,2026-03-15T02:12:13.000Z
demo-027-446dc987:p005,debug,4,heuristic-v2,2026-03-15T02:43:13.000Z
demo-027-446dc987:p006,docs,1,heuristic-v2,2026-03-15T02:47:13.000Z
demo-027-446dc987:p007,plan,2,heuristic-v2,2026-03-15T03:25:13.000Z
demo-027-446dc987:p008,followup,1,heuristic-v2,2026-03-15T03:37:13.000Z
demo-027-446dc987:p009,question,3,heuristic-v2,2026-03-15T04:07:13.000Z
demo-027-446dc987:p010,question,2,heuristic-v2,2026-03-15T04:23:13.000Z
demo-027-446dc987:p011,plan,4,heuristic-v2,2026-03-15T05:03:13.000Z
demo-027-446dc987:p012,debug,4,heuristic-v2,2026-03-15T05:29:13.000Z
demo-028-8b7d57ec:p001,implementation,4,heuristic-v2,2026-04-21T09:21:06.000Z
demo-028-8b7d57ec:p002,followup,1,heuristic-v2,2026-04-21T09:33:06.000Z
demo-028-8b7d57ec:p003,docs,1,heuristic-v2,2026-04-21T09:44:06.000Z
demo-028-8b7d57ec:p004,ops,2,heuristic-v2,2026-04-21T09:46:06.000Z
demo-028-8b7d57ec:p005,docs,3,heuristic-v2,2026-04-21T10:16:06.000Z
demo-028-8b7d57ec:p006,other,2,heuristic-v2,2026-04-21T10:21:06.000Z
demo-028-8b7d57ec:p007,ops,3,heuristic-v2,2026-04-21T10:56:06.000Z
demo-028-8b7d57ec:p008,other,2,heuristic-v2,2026-04-21T11:12:06.000Z
demo-028-8b7d57ec:p009,ops,2,heuristic-v2,2026-04-21T11:48:06.000Z
demo-028-8b7d57ec:p010,question,3,heuristic-v2,2026-04-21T12:18:06.000Z
demo-029-150b4a07:p001,plan,3,heuristic-v2,2026-02-14T04:56:27.000Z
demo-029-150b4a07:p002,implementation,5,heuristic-v2,2026-02-14T05:11:27.000Z
demo-029-150b4a07:p003,implementation,5,heuristic-v2,2026-02-14T05:43:27.000Z
demo-029-150b4a07:p004,implementation,4,heuristic-v2,2026-02-14T05:57:27.000Z
demo-029-150b4a07:p005,docs,2,heuristic-v2,2026-02-14T06:22:27.000Z
demo-029-150b4a07:p006,followup,1,heuristic-v2,2026-02-14T06:46:27.000Z
demo-029-150b4a07:p007,test,3,heuristic-v2,2026-02-14T06:50:27.000Z
demo-029-150b4a07:p008,followup,2,heuristic-v2,2026-02-14T07:30:27.000Z
demo-030-bf94b5aa:p001,plan,2,heuristic-v2,2026-01-31T05:14:40.000Z
demo-030-bf94b5aa:p002,plan,4,heuristic-v2,2026-01-31T05:36:40.000Z
demo-030-bf94b5aa:p003,implementation,5,heuristic-v2,2026-01-31T05:54:40.000Z
demo-030-bf94b5aa:p004,implementation,3,heuristic-v2,2026-01-31T06:03:40.000Z
demo-030-bf94b5aa:p005,implementation,4,heuristic-v2,2026-01-31T06:24:40.000Z
demo-030-bf94b5aa:p006,test,2,heuristic-v2,2026-01-31T07:02:40.000Z
demo-031-be91e92f:p001,debug,4,heuristic-v2,2026-02-05T21:14:11.000Z
demo-031-be91e92f:p002,other,3,heuristic-v2,2026-02-05T21:48:11.000Z
demo-031-be91e92f:p003,refactor,5,heuristic-v2,2026-02-05T21:54:11.000Z
demo-031-be91e92f:p004,plan,3,heuristic-v2,2026-02-05T22:23:11.000Z
demo-031-be91e92f:p005,implementation,3,heuristic-v2,2026-02-05T22:38:11.000Z
demo-031-be91e92f:p006,docs,3,heuristic-v2,2026-02-05T22:59:11.000Z
demo-031-be91e92f:p007,debug,3,heuristic-v2,2026-02-05T23:33:11.000Z
demo-031-be91e92f:p008,debug,3,heuristic-v2,2026-02-06T00:05:11.000Z
demo-031-be91e92f:p009,other,1,heuristic-v2,2026-02-06T00:35:11.000Z
demo-031-be91e92f:p010,ops,1,heuristic-v2,2026-02-06T00:46:11.000Z
demo-032-6adee58a:p001,implementation,5,heuristic-v2,2026-05-01T15:47:28.000Z
demo-032-6adee58a:p002,implementation,5,heuristic-v2,2026-05-01T16:01:28.000Z
demo-032-6adee58a:p003,debug,4,heuristic-v2,2026-05-01T16:32:28.000Z
demo-032-6adee58a:p004,test,2,heuristic-v2,2026-05-01T16:55:28.000Z
demo-032-6adee58a:p005,other,2,heuristic-v2,2026-05-01T16:57:28.000Z
demo-032-6adee58a:p006,implementation,3,heuristic-v2,2026-05-01T17:33:28.000Z
demo-033-f8aea77f:p001,debug,5,heuristic-v2,2026-04-30T16:26:24.000Z
demo-033-f8aea77f:p002,ops,1,heuristic-v2,2026-04-30T16:31:24.000Z
demo-033-f8aea77f:p003,plan,2,heuristic-v2,2026-04-30T17:08:24.000Z
demo-033-f8aea77f:p004,other,1,heuristic-v2,2026-04-30T17:21:24.000Z
demo-033-f8aea77f:p005,ops,1,heuristic-v2,2026-04-30T17:23:24.000Z
demo-033-f8aea77f:p006,other,2,heuristic-v2,2026-04-30T17:26:24.000Z
demo-033-f8aea77f:p007,implementation,5,heuristic-v2,2026-04-30T17:38:24.000Z
demo-033-f8aea77f:p008,implementation,4,heuristic-v2,2026-04-30T17:49:24.000Z
demo-033-f8aea77f:p009,plan,2,heuristic-v2,2026-04-30T18:08:24.000Z
demo-034-dc2d0ff1:p001,test,2,heuristic-v2,2025-12-20T22:45:02.000Z
demo-034-dc2d0ff1:p002,test,2,heuristic-v2,2025-12-20T23:07:02.000Z
demo-034-dc2d0ff1:p003,review,2,heuristic-v2,2025-12-20T23:30:02.000Z
demo-034-dc2d0ff1:p004,debug,5,heuristic-v2,2025-12-21T00:06:02.000Z
demo-034-dc2d0ff1:p005,debug,5,heuristic-v2,2025-12-21T00:40:02.000Z
demo-035-e71503f7:p001,review,3,heuristic-v2,2026-01-22T21:22:37.000Z
demo-035-e71503f7:p002,plan,3,heuristic-v2,2026-01-22T21:36:37.000Z
demo-035-e71503f7:p003,question,1,heuristic-v2,2026-01-22T22:11:37.000Z
demo-035-e71503f7:p004,plan,2,heuristic-v2,2026-01-22T22:40:37.000Z
demo-035-e71503f7:p005,other,3,heuristic-v2,2026-01-22T22:47:37.000Z
demo-036-6d823204:p001,docs,1,heuristic-v2,2026-03-27T02:13:25.000Z
demo-036-6d823204:p002,docs,3,heuristic-v2,2026-03-27T02:25:25.000Z
demo-036-6d823204:p003,debug,3,heuristic-v2,2026-03-27T02:41:25.000Z
demo-036-6d823204:p004,implementation,3,heuristic-v2,2026-03-27T03:13:25.000Z
demo-036-6d823204:p005,review,4,heuristic-v2,2026-03-27T03:22:25.000Z
demo-036-6d823204:p006,plan,3,heuristic-v2,2026-03-27T04:01:25.000Z
demo-036-6d823204:p007,debug,4,heuristic-v2,2026-03-27T04:07:25.000Z
demo-036-6d823204:p008,debug,4,heuristic-v2,2026-03-27T04:10:25.000Z
demo-036-6d823204:p009,docs,1,heuristic-v2,2026-03-27T04:45:25.000Z
demo-036-6d823204:p010,question,3,heuristic-v2,2026-03-27T05:10:25.000Z
demo-036-6d823204:p011,followup,2,heuristic-v2,2026-03-27T05:32:25.000Z
demo-036-6d823204:p012,followup,1,heuristic-v2,2026-03-27T06:00:25.000Z
demo-036-6d823204:p013,question,3,heuristic-v2,2026-03-27T06:33:25.000Z
demo-036-6d823204:p014,docs,2,heuristic-v2,2026-03-27T07:09:25.000Z
demo-037-5fd147f9:p001,implementation,5,heuristic-v2,2026-04-21T04:24:11.000Z
demo-037-5fd147f9:p002,ops,1,heuristic-v2,2026-04-21T04:44:11.000Z
demo-037-5fd147f9:p003,question,3,heuristic-v2,2026-04-21T05:12:11.000Z
demo-037-5fd147f9:p004,refactor,4,heuristic-v2,2026-04-21T05:22:11.000Z
demo-037-5fd147f9:p005,debug,3,heuristic-v2,2026-04-21T05:26:11.000Z
demo-037-5fd147f9:p006,docs,3,heuristic-v2,2026-04-21T05:35:11.000Z
demo-037-5fd147f9:p007,refactor,4,heuristic-v2,2026-04-21T05:58:11.000Z
demo-037-5fd147f9:p008,implementation,2,heuristic-v2,2026-04-21T06:01:11.000Z
demo-037-5fd147f9:p009,test,3,heuristic-v2,2026-04-21T06:28:11.000Z
demo-037-5fd147f9:p010,question,3,heuristic-v2,2026-04-21T06:47:11.000Z
demo-037-5fd147f9:p011,docs,2,heuristic-v2,2026-04-21T07:24:11.000Z
demo-037-5fd147f9:p012,ops,3,heuristic-v2,2026-04-21T07:29:11.000Z
demo-037-5fd147f9:p013,test,2,heuristic-v2,2026-04-21T07:32:11.000Z
demo-038-838e1ee4:p001,debug,3,heuristic-v2,2026-03-04T00:44:46.000Z
demo-038-838e1ee4:p002,review,4,heuristic-v2,2026-03-04T01:19:46.000Z
demo-038-838e1ee4:p003,debug,3,heuristic-v2,2026-03-04T01:21:46.000Z
demo-039-9a1c44b7:p001,followup,1,heuristic-v2,2026-02-15T23:07:58.000Z
demo-039-9a1c44b7:p002,plan,3,heuristic-v2,2026-02-15T23:37:58.000Z
demo-039-9a1c44b7:p003,implementation,2,heuristic-v2,2026-02-15T23:52:58.000Z
demo-039-9a1c44b7:p004,ops,2,heuristic-v2,2026-02-15T23:55:58.000Z
demo-039-9a1c44b7:p005,ops,2,heuristic-v2,2026-02-16T00:31:58.000Z
demo-040-a17d2749:p001,docs,3,heuristic-v2,2026-01-11T14:07:58.000Z
demo-040-a17d2749:p002,implementation,4,heuristic-v2,2026-01-11T14:09:58.000Z
demo-040-a17d2749:p003,test,2,heuristic-v2,2026-01-11T14:29:58.000Z
demo-041-5404f6ff:p001,plan,4,heuristic-v2,2026-04-29T18:23:59.000Z
demo-041-5404f6ff:p002,debug,5,heuristic-v2,2026-04-29T18:53:59.000Z
demo-041-5404f6ff:p003,other,3,heuristic-v2,2026-04-29T19:33:59.000Z
demo-041-5404f6ff:p004,other,2,heuristic-v2,2026-04-29T19:36:59.000Z
demo-041-5404f6ff:p005,other,3,heuristic-v2,2026-04-29T19:52:59.000Z
demo-041-5404f6ff:p006,debug,5,heuristic-v2,2026-04-29T20:22:59.000Z
demo-041-5404f6ff:p007,implementation,5,heuristic-v2,2026-04-29T20:24:59.000Z
demo-041-5404f6ff:p008,ops,3,heuristic-v2,2026-04-29T20:44:59.000Z
demo-041-5404f6ff:p009,debug,3,heuristic-v2,2026-04-29T21:06:59.000Z
demo-041-5404f6ff:p010,plan,4,heuristic-v2,2026-04-29T21:15:59.000Z
demo-041-5404f6ff:p011,question,2,heuristic-v2,2026-04-29T21:53:59.000Z
demo-041-5404f6ff:p012,implementation,2,heuristic-v2,2026-04-29T22:05:59.000Z
demo-041-5404f6ff:p013,ops,3,heuristic-v2,2026-04-29T22:42:59.000Z
demo-041-5404f6ff:p014,question,1,heuristic-v2,2026-04-29T23:01:59.000Z
demo-041-5404f6ff:p015,debug,3,heuristic-v2,2026-04-29T23:28:59.000Z
demo-041-5404f6ff:p016,ops,3,heuristic-v2,2026-04-29T23:42:59.000Z
demo-042-854ce295:p001,review,2,heuristic-v2,2026-01-03T21:40:23.000Z
demo-042-854ce295:p002,docs,2,heuristic-v2,2026-01-03T22:01:23.000Z
demo-042-854ce295:p003,debug,5,heuristic-v2,2026-01-03T22:11:23.000Z
demo-042-854ce295:p004,implementation,3,heuristic-v2,2026-01-03T22:24:23.000Z
demo-043-0defbc1a:p001,other,3,heuristic-v2,2026-04-01T19:36:48.000Z
demo-043-0defbc1a:p002,debug,3,heuristic-v2,2026-04-01T20:05:48.000Z
demo-043-0defbc1a:p003,implementation,4,heuristic-v2,2026-04-01T20:35:48.000Z
demo-043-0defbc1a:p004,test,2,heuristic-v2,2026-04-01T20:43:48.000Z
demo-043-0defbc1a:p005,implementation,4,heuristic-v2,2026-04-01T21:06:48.000Z
demo-043-0defbc1a:p006,question,3,heuristic-v2,2026-04-01T21:10:48.000Z
demo-043-0defbc1a:p007,test,3,heuristic-v2,2026-04-01T21:20:48.000Z
demo-043-0defbc1a:p008,debug,5,heuristic-v2,2026-04-01T21:48:48.000Z
demo-044-fcca5162:p001,refactor,4,heuristic-v2,2026-01-21T23:15:20.000Z
demo-044-fcca5162:p002,question,2,heuristic-v2,2026-01-21T23:32:20.000Z
demo-044-fcca5162:p003,debug,3,heuristic-v2,2026-01-22T00:10:20.000Z
demo-045-66a1a317:p001,plan,4,heuristic-v2,2026-04-12T10:37:51.000Z
demo-045-66a1a317:p002,other,3,heuristic-v2,2026-04-12T10:57:51.000Z
demo-045-66a1a317:p003,plan,3,heuristic-v2,2026-04-12T11:14:51.000Z
demo-045-66a1a317:p004,review,2,heuristic-v2,2026-04-12T11:33:51.000Z
demo-046-6994d0af:p001,debug,4,heuristic-v2,2026-04-30T13:17:23.000Z
demo-046-6994d0af:p002,implementation,5,heuristic-v2,2026-04-30T13:20:23.000Z
demo-046-6994d0af:p003,debug,3,heuristic-v2,2026-04-30T13:28:23.000Z
demo-046-6994d0af:p004,ops,2,heuristic-v2,2026-04-30T14:02:23.000Z
demo-047-384829d9:p001,plan,2,heuristic-v2,2026-04-30T02:40:49.000Z
demo-047-384829d9:p002,review,2,heuristic-v2,2026-04-30T02:42:49.000Z
demo-047-384829d9:p003,implementation,2,heuristic-v2,2026-04-30T03:05:49.000Z
demo-047-384829d9:p004,ops,1,heuristic-v2,2026-04-30T03:09:49.000Z
demo-047-384829d9:p005,docs,1,heuristic-v2,2026-04-30T03:45:49.000Z
demo-047-384829d9:p006,debug,5,heuristic-v2,2026-04-30T04:13:49.000Z
demo-047-384829d9:p007,implementation,2,heuristic-v2,2026-04-30T04:22:49.000Z
demo-047-384829d9:p008,docs,1,heuristic-v2,2026-04-30T04:50:49.000Z
demo-047-384829d9:p009,other,3,heuristic-v2,2026-04-30T05:23:49.000Z
demo-047-384829d9:p010,docs,2,heuristic-v2,2026-04-30T05:40:49.000Z
demo-047-384829d9:p011,implementation,3,heuristic-v2,2026-04-30T05:47:49.000Z
demo-047-384829d9:p012,other,2,heuristic-v2,2026-04-30T06:06:49.000Z
demo-047-384829d9:p013,ops,3,heuristic-v2,2026-04-30T06:16:49.000Z
demo-047-384829d9:p014,docs,1,heuristic-v2,2026-04-30T06:53:49.000Z
demo-047-384829d9:p015,implementation,5,heuristic-v2,2026-04-30T07:32:49.000Z
demo-047-384829d9:p016,other,1,heuristic-v2,2026-04-30T07:53:49.000Z
demo-047-384829d9:p017,implementation,2,heuristic-v2,2026-04-30T08:05:49.000Z
demo-047-384829d9:p018,question,1,heuristic-v2,2026-04-30T08:11:49.000Z
demo-047-384829d9:p019,debug,4,heuristic-v2,2026-04-30T08:48:49.000Z
demo-047-384829d9:p020,debug,4,heuristic-v2,2026-04-30T09:20:49.000Z
demo-047-384829d9:p021,other,3,heuristic-v2,2026-04-30T09:46:49.000Z
demo-047-384829d9:p022,test,2,heuristic-v2,2026-04-30T10:14:49.000Z
demo-047-384829d9:p023,test,2,heuristic-v2,2026-04-30T10:18:49.000Z
demo-047-384829d9:p024,debug,3,heuristic-v2,2026-04-30T10:30:49.000Z
demo-047-384829d9:p025,question,3,heuristic-v2,2026-04-30T11:04:49.000Z
demo-047-384829d9:p026,plan,4,heuristic-v2,2026-04-30T11:21:49.000Z
demo-047-384829d9:p027,docs,2,heuristic-v2,2026-04-30T11:58:49.000Z
demo-047-384829d9:p028,other,3,heuristic-v2,2026-04-30T12:06:49.000Z
demo-047-384829d9:p029,debug,5,heuristic-v2,2026-04-30T12:24:49.000Z
demo-047-384829d9:p030,docs,2,heuristic-v2,2026-04-30T12:26:49.000Z
demo-048-b3e19be6:p001,docs,3,heuristic-v2,2026-05-18T23:15:57.000Z
demo-048-b3e19be6:p002,review,4,heuristic-v2,2026-05-18T23:46:57.000Z
demo-048-b3e19be6:p003,plan,4,heuristic-v2,2026-05-18T23:54:57.000Z
demo-048-b3e19be6:p004,question,2,heuristic-v2,2026-05-18T23:58:57.000Z
demo-048-b3e19be6:p005,question,3,heuristic-v2,2026-05-19T00:15:57.000Z
demo-048-b3e19be6:p006,plan,4,heuristic-v2,2026-05-19T00:21:57.000Z
demo-048-b3e19be6:p007,implementation,2,heuristic-v2,2026-05-19T00:47:57.000Z
demo-048-b3e19be6:p008,implementation,3,heuristic-v2,2026-05-19T01:11:57.000Z
demo-048-b3e19be6:p009,debug,4,heuristic-v2,2026-05-19T01:28:57.000Z
demo-049-b2e88d4b:p001,question,1,heuristic-v2,2026-01-21T08:13:13.000Z
demo-049-b2e88d4b:p002,other,1,heuristic-v2,2026-01-21T08:37:13.000Z
demo-049-b2e88d4b:p003,review,3,heuristic-v2,2026-01-21T08:54:13.000Z
demo-049-b2e88d4b:p004,implementation,4,heuristic-v2,2026-01-21T09:05:13.000Z
demo-049-b2e88d4b:p005,question,2,heuristic-v2,2026-01-21T09:44:13.000Z
demo-049-b2e88d4b:p006,other,1,heuristic-v2,2026-01-21T10:05:13.000Z
demo-050-58ef0b37:p001,implementation,4,heuristic-v2,2026-02-17T11:04:37.000Z
demo-050-58ef0b37:p002,docs,2,heuristic-v2,2026-02-17T11:35:37.000Z
demo-050-58ef0b37:p003,implementation,4,heuristic-v2,2026-02-17T11:44:37.000Z
demo-051-ecba3aff:p001,implementation,4,heuristic-v2,2026-01-05T11:14:35.000Z
demo-051-ecba3aff:p002,test,3,heuristic-v2,2026-01-05T11:19:35.000Z
demo-051-ecba3aff:p003,debug,3,heuristic-v2,2026-01-05T11:43:35.000Z
demo-051-ecba3aff:p004,other,2,heuristic-v2,2026-01-05T12:11:35.000Z
demo-051-ecba3aff:p005,other,3,heuristic-v2,2026-01-05T12:33:35.000Z
demo-051-ecba3aff:p006,debug,5,heuristic-v2,2026-01-05T13:07:35.000Z
demo-051-ecba3aff:p007,implementation,3,heuristic-v2,2026-01-05T13:19:35.000Z
demo-051-ecba3aff:p008,implementation,4,heuristic-v2,2026-01-05T13:32:35.000Z
demo-051-ecba3aff:p009,test,3,heuristic-v2,2026-01-05T13:54:35.000Z
demo-051-ecba3aff:p010,test,2,heuristic-v2,2026-01-05T14:06:35.000Z
demo-051-ecba3aff:p011,followup,1,heuristic-v2,2026-01-05T14:24:35.000Z
demo-051-ecba3aff:p012,debug,3,heuristic-v2,2026-01-05T15:03:35.000Z
demo-051-ecba3aff:p013,other,2,heuristic-v2,2026-01-05T15:27:35.000Z
demo-051-ecba3aff:p014,debug,5,heuristic-v2,2026-01-05T15:42:35.000Z
demo-051-ecba3aff:p015,debug,4,heuristic-v2,2026-01-05T16:11:35.000Z
demo-051-ecba3aff:p016,question,1,heuristic-v2,2026-01-05T16:50:35.000Z
demo-051-ecba3aff:p017,docs,3,heuristic-v2,2026-01-05T17:27:35.000Z
demo-051-ecba3aff:p018,ops,1,heuristic-v2,2026-01-05T17:55:35.000Z
demo-051-ecba3aff:p019,test,3,heuristic-v2,2026-01-05T18:12:35.000Z
demo-051-ecba3aff:p020,test,3,heuristic-v2,2026-01-05T18:29:35.000Z
demo-051-ecba3aff:p021,implementation,4,heuristic-v2,2026-01-05T18:34:35.000Z
demo-051-ecba3aff:p022,implementation,3,heuristic-v2,2026-01-05T19:05:35.000Z
demo-051-ecba3aff:p023,plan,3,heuristic-v2,2026-01-05T19:23:35.000Z
demo-051-ecba3aff:p024,ops,3,heuristic-v2,2026-01-05T19:57:35.000Z
demo-051-ecba3aff:p025,ops,1,heuristic-v2,2026-01-05T20:13:35.000Z
demo-051-ecba3aff:p026,debug,3,heuristic-v2,2026-01-05T20:20:35.000Z
demo-052-3ae50165:p001,ops,1,heuristic-v2,2026-05-07T14:39:39.000Z
demo-052-3ae50165:p002,debug,3,heuristic-v2,2026-05-07T14:57:39.000Z
demo-052-3ae50165:p003,debug,4,heuristic-v2,2026-05-07T15:12:39.000Z
demo-052-3ae50165:p004,debug,5,heuristic-v2,2026-05-07T15:39:39.000Z
demo-052-3ae50165:p005,question,2,heuristic-v2,2026-05-07T15:57:39.000Z
demo-052-3ae50165:p006,review,2,heuristic-v2,2026-05-07T16:22:39.000Z
demo-052-3ae50165:p007,question,1,heuristic-v2,2026-05-07T16:29:39.000Z
demo-052-3ae50165:p008,other,1,heuristic-v2,2026-05-07T17:03:39.000Z
demo-052-3ae50165:p009,other,3,heuristic-v2,2026-05-07T17:08:39.000Z
demo-052-3ae50165:p010,ops,1,heuristic-v2,2026-05-07T17:31:39.000Z
demo-053-1e662cf7:p001,ops,1,heuristic-v2,2026-05-28T16:32:31.000Z
demo-053-1e662cf7:p002,ops,3,heuristic-v2,2026-05-28T17:07:31.000Z
demo-053-1e662cf7:p003,question,1,heuristic-v2,2026-05-28T17:27:31.000Z
demo-053-1e662cf7:p004,question,2,heuristic-v2,2026-05-28T17:55:31.000Z
demo-053-1e662cf7:p005,implementation,3,heuristic-v2,2026-05-28T18:24:31.000Z
demo-053-1e662cf7:p006,debug,4,heuristic-v2,2026-05-28T18:33:31.000Z
demo-053-1e662cf7:p007,question,3,heuristic-v2,2026-05-28T19:03:31.000Z
demo-053-1e662cf7:p008,review,5,heuristic-v2,2026-05-28T19:11:31.000Z
demo-053-1e662cf7:p009,debug,3,heuristic-v2,2026-05-28T19:32:31.000Z
demo-053-1e662cf7:p010,test,3,heuristic-v2,2026-05-28T20:06:31.000Z
demo-053-1e662cf7:p011,debug,3,heuristic-v2,2026-05-28T20:11:31.000Z
demo-053-1e662cf7:p012,implementation,2,heuristic-v2,2026-05-28T20:32:31.000Z
demo-054-64f3d835:p001,ops,1,heuristic-v2,2026-04-07T00:16:19.000Z
demo-054-64f3d835:p002,debug,4,heuristic-v2,2026-04-07T00:29:19.000Z
demo-054-64f3d835:p003,question,1,heuristic-v2,2026-04-07T00:54:19.000Z
demo-054-64f3d835:p004,test,2,heuristic-v2,2026-04-07T01:07:19.000Z
demo-054-64f3d835:p005,docs,3,heuristic-v2,2026-04-07T01:22:19.000Z
demo-054-64f3d835:p006,plan,4,heuristic-v2,2026-04-07T01:52:19.000Z
demo-055-7446d42d:p001,ops,3,heuristic-v2,2026-05-08T15:34:59.000Z
demo-055-7446d42d:p002,docs,3,heuristic-v2,2026-05-08T16:01:59.000Z
demo-055-7446d42d:p003,question,1,heuristic-v2,2026-05-08T16:19:59.000Z
demo-055-7446d42d:p004,plan,3,heuristic-v2,2026-05-08T16:42:59.000Z
demo-055-7446d42d:p005,refactor,4,heuristic-v2,2026-05-08T17:16:59.000Z
demo-055-7446d42d:p006,other,1,heuristic-v2,2026-05-08T17:39:59.000Z
demo-056-50481bee:p001,other,2,heuristic-v2,2026-04-25T02:54:17.000Z
demo-056-50481bee:p002,ops,1,heuristic-v2,2026-04-25T03:32:17.000Z
demo-056-50481bee:p003,plan,3,heuristic-v2,2026-04-25T03:56:17.000Z
demo-057-cba49dce:p001,review,2,heuristic-v2,2026-01-05T08:23:13.000Z
demo-057-cba49dce:p002,question,3,heuristic-v2,2026-01-05T08:35:13.000Z
demo-057-cba49dce:p003,debug,5,heuristic-v2,2026-01-05T09:13:13.000Z
demo-057-cba49dce:p004,other,3,heuristic-v2,2026-01-05T09:26:13.000Z
demo-057-cba49dce:p005,ops,1,heuristic-v2,2026-01-05T09:55:13.000Z
demo-058-72dc9829:p001,test,2,heuristic-v2,2026-05-02T05:08:21.000Z
demo-058-72dc9829:p002,refactor,4,heuristic-v2,2026-05-02T05:24:21.000Z
demo-058-72dc9829:p003,implementation,2,heuristic-v2,2026-05-02T06:03:21.000Z
demo-058-72dc9829:p004,test,3,heuristic-v2,2026-05-02T06:34:21.000Z
demo-058-72dc9829:p005,question,3,heuristic-v2,2026-05-02T07:06:21.000Z
demo-058-72dc9829:p006,ops,3,heuristic-v2,2026-05-02T07:35:21.000Z
demo-058-72dc9829:p007,followup,2,heuristic-v2,2026-05-02T07:48:21.000Z
demo-058-72dc9829:p008,ops,2,heuristic-v2,2026-05-02T08:08:21.000Z
demo-058-72dc9829:p009,debug,4,heuristic-v2,2026-05-02T08:21:21.000Z
demo-058-72dc9829:p010,docs,3,heuristic-v2,2026-05-02T08:33:21.000Z
demo-058-72dc9829:p011,question,2,heuristic-v2,2026-05-02T08:37:21.000Z
demo-058-72dc9829:p012,ops,1,heuristic-v2,2026-05-02T09:06:21.000Z
demo-058-72dc9829:p013,plan,3,heuristic-v2,2026-05-02T09:09:21.000Z
demo-059-6ef2d936:p001,plan,2,heuristic-v2,2026-03-19T03:17:02.000Z
demo-059-6ef2d936:p002,other,1,heuristic-v2,2026-03-19T03:28:02.000Z
demo-059-6ef2d936:p003,plan,2,heuristic-v2,2026-03-19T03:33:02.000Z
demo-059-6ef2d936:p004,ops,1,heuristic-v2,2026-03-19T04:11:02.000Z
demo-059-6ef2d936:p005,debug,4,heuristic-v2,2026-03-19T04:27:02.000Z
demo-059-6ef2d936:p006,followup,1,heuristic-v2,2026-03-19T04:46:02.000Z
demo-059-6ef2d936:p007,debug,4,heuristic-v2,2026-03-19T04:51:02.000Z
demo-059-6ef2d936:p008,question,3,heuristic-v2,2026-03-19T04:56:02.000Z
demo-060-13bc9eb3:p001,refactor,3,heuristic-v2,2026-04-18T19:46:27.000Z
demo-060-13bc9eb3:p002,other,1,heuristic-v2,2026-04-18T19:59:27.000Z
demo-060-13bc9eb3:p003,debug,4,heuristic-v2,2026-04-18T20:04:27.000Z
demo-060-13bc9eb3:p004,debug,4,heuristic-v2,2026-04-18T20:23:27.000Z
demo-060-13bc9eb3:p005,review,5,heuristic-v2,2026-04-18T20:36:27.000Z
demo-060-13bc9eb3:p006,ops,3,heuristic-v2,2026-04-18T21:15:27.000Z
demo-060-13bc9eb3:p007,question,1,heuristic-v2,2026-04-18T21:19:27.000Z
demo-060-13bc9eb3:p008,debug,4,heuristic-v2,2026-04-18T21:39:27.000Z
demo-060-13bc9eb3:p009,other,1,heuristic-v2,2026-04-18T22:09:27.000Z
demo-060-13bc9eb3:p010,question,3,heuristic-v2,2026-04-18T22:48:27.000Z
demo-060-13bc9eb3:p011,ops,2,heuristic-v2,2026-04-18T22:57:27.000Z
demo-060-13bc9eb3:p012,question,3,heuristic-v2,2026-04-18T23:09:27.000Z
demo-060-13bc9eb3:p013,implementation,5,heuristic-v2,2026-04-18T23:28:27.000Z
demo-060-13bc9eb3:p014,other,1,heuristic-v2,2026-04-18T23:59:27.000Z
demo-061-0677b40c:p001,debug,4,heuristic-v2,2025-12-17T16:49:35.000Z
demo-061-0677b40c:p002,other,3,heuristic-v2,2025-12-17T17:04:35.000Z
demo-061-0677b40c:p003,docs,1,heuristic-v2,2025-12-17T17:44:35.000Z
demo-061-0677b40c:p004,ops,3,heuristic-v2,2025-12-17T17:55:35.000Z
demo-061-0677b40c:p005,test,3,heuristic-v2,2025-12-17T18:14:35.000Z
demo-062-1a26be3b:p001,followup,1,heuristic-v2,2026-04-25T16:10:00.000Z
demo-062-1a26be3b:p002,question,2,heuristic-v2,2026-04-25T16:49:00.000Z
demo-062-1a26be3b:p003,debug,3,heuristic-v2,2026-04-25T17:07:00.000Z
demo-062-1a26be3b:p004,other,1,heuristic-v2,2026-04-25T17:25:00.000Z
demo-062-1a26be3b:p005,test,4,heuristic-v2,2026-04-25T17:46:00.000Z
demo-062-1a26be3b:p006,implementation,3,heuristic-v2,2026-04-25T18:17:00.000Z
demo-062-1a26be3b:p007,question,2,heuristic-v2,2026-04-25T18:52:00.000Z
demo-062-1a26be3b:p008,debug,5,heuristic-v2,2026-04-25T19:20:00.000Z
demo-062-1a26be3b:p009,test,2,heuristic-v2,2026-04-25T19:43:00.000Z
demo-062-1a26be3b:p010,other,3,heuristic-v2,2026-04-25T19:46:00.000Z
demo-062-1a26be3b:p011,refactor,4,heuristic-v2,2026-04-25T19:48:00.000Z
demo-062-1a26be3b:p012,question,2,heuristic-v2,2026-04-25T20:03:00.000Z
demo-062-1a26be3b:p013,debug,4,heuristic-v2,2026-04-25T20:39:00.000Z
demo-062-1a26be3b:p014,ops,2,heuristic-v2,2026-04-25T21:17:00.000Z
demo-063-2a07a210:p001,ops,3,heuristic-v2,2026-05-22T05:48:03.000Z
demo-064-9e8f5bad:p001,review,5,heuristic-v2,2026-01-13T10:31:51.000Z
demo-064-9e8f5bad:p002,debug,4,heuristic-v2,2026-01-13T10:54:51.000Z
demo-064-9e8f5bad:p003,plan,3,heuristic-v2,2026-01-13T10:57:51.000Z
demo-064-9e8f5bad:p004,review,2,heuristic-v2,2026-01-13T11:03:51.000Z
demo-064-9e8f5bad:p005,implementation,3,heuristic-v2,2026-01-13T11:34:51.000Z
demo-064-9e8f5bad:p006,other,1,heuristic-v2,2026-01-13T11:54:51.000Z
demo-064-9e8f5bad:p007,question,2,heuristic-v2,2026-01-13T12:03:51.000Z
demo-064-9e8f5bad:p008,docs,2,heuristic-v2,2026-01-13T12:31:51.000Z
demo-064-9e8f5bad:p009,debug,4,heuristic-v2,2026-01-13T12:49:51.000Z
demo-064-9e8f5bad:p010,refactor,5,heuristic-v2,2026-01-13T13:14:51.000Z
demo-064-9e8f5bad:p011,implementation,4,heuristic-v2,2026-01-13T13:19:51.000Z
demo-064-9e8f5bad:p012,question,3,heuristic-v2,2026-01-13T13:44:51.000Z
demo-065-b1174f4c:p001,plan,2,heuristic-v2,2026-02-01T09:31:54.000Z
demo-065-b1174f4c:p002,debug,4,heuristic-v2,2026-02-01T10:09:54.000Z
demo-065-b1174f4c:p003,other,3,heuristic-v2,2026-02-01T10:23:54.000Z
demo-065-b1174f4c:p004,debug,3,heuristic-v2,2026-02-01T10:40:54.000Z
demo-065-b1174f4c:p005,plan,4,heuristic-v2,2026-02-01T11:10:54.000Z
demo-065-b1174f4c:p006,debug,5,heuristic-v2,2026-02-01T11:17:54.000Z
demo-066-48dadfab:p001,plan,3,heuristic-v2,2026-05-22T06:36:11.000Z
demo-066-48dadfab:p002,ops,2,heuristic-v2,2026-05-22T07:15:11.000Z
demo-066-48dadfab:p003,implementation,4,heuristic-v2,2026-05-22T07:18:11.000Z
demo-066-48dadfab:p004,question,2,heuristic-v2,2026-05-22T07:40:11.000Z
demo-066-48dadfab:p005,debug,3,heuristic-v2,2026-05-22T07:43:11.000Z
demo-066-48dadfab:p006,test,2,heuristic-v2,2026-05-22T07:53:11.000Z
demo-066-48dadfab:p007,docs,2,heuristic-v2,2026-05-22T08:31:11.000Z
demo-066-48dadfab:p008,implementation,4,heuristic-v2,2026-05-22T08:58:11.000Z
demo-066-48dadfab:p009,debug,4,heuristic-v2,2026-05-22T09:18:11.000Z
demo-066-48dadfab:p010,plan,3,heuristic-v2,2026-05-22T09:49:11.000Z
demo-066-48dadfab:p011,debug,4,heuristic-v2,2026-05-22T10:10:11.000Z
demo-066-48dadfab:p012,debug,4,heuristic-v2,2026-05-22T10:33:11.000Z
demo-066-48dadfab:p013,implementation,2,heuristic-v2,2026-05-22T10:54:11.000Z
demo-067-2a53fc32:p001,question,1,heuristic-v2,2026-02-10T07:22:32.000Z
demo-067-2a53fc32:p002,question,3,heuristic-v2,2026-02-10T07:59:32.000Z
demo-067-2a53fc32:p003,question,3,heuristic-v2,2026-02-10T08:16:32.000Z
demo-067-2a53fc32:p004,test,2,heuristic-v2,2026-02-10T08:42:32.000Z
demo-067-2a53fc32:p005,implementation,4,heuristic-v2,2026-02-10T08:57:32.000Z
demo-068-8f78e097:p001,ops,2,heuristic-v2,2026-03-01T05:48:49.000Z
demo-068-8f78e097:p002,other,3,heuristic-v2,2026-03-01T06:00:49.000Z
demo-068-8f78e097:p003,plan,4,heuristic-v2,2026-03-01T06:19:49.000Z
demo-068-8f78e097:p004,ops,1,heuristic-v2,2026-03-01T06:58:49.000Z
demo-068-8f78e097:p005,review,4,heuristic-v2,2026-03-01T07:22:49.000Z
demo-068-8f78e097:p006,implementation,4,heuristic-v2,2026-03-01T07:57:49.000Z
demo-068-8f78e097:p007,other,1,heuristic-v2,2026-03-01T08:21:49.000Z
demo-068-8f78e097:p008,debug,5,heuristic-v2,2026-03-01T08:59:49.000Z
demo-068-8f78e097:p009,question,1,heuristic-v2,2026-03-01T09:09:49.000Z
demo-068-8f78e097:p010,implementation,5,heuristic-v2,2026-03-01T09:43:49.000Z
demo-068-8f78e097:p011,docs,3,heuristic-v2,2026-03-01T10:21:49.000Z
demo-068-8f78e097:p012,other,2,heuristic-v2,2026-03-01T10:58:49.000Z
demo-068-8f78e097:p013,test,4,heuristic-v2,2026-03-01T11:07:49.000Z
demo-068-8f78e097:p014,test,4,heuristic-v2,2026-03-01T11:40:49.000Z
demo-068-8f78e097:p015,ops,3,heuristic-v2,2026-03-01T12:01:49.000Z
demo-068-8f78e097:p016,docs,1,heuristic-v2,2026-03-01T12:08:49.000Z
demo-068-8f78e097:p017,implementation,2,heuristic-v2,2026-03-01T12:37:49.000Z
demo-068-8f78e097:p018,refactor,5,heuristic-v2,2026-03-01T13:17:49.000Z
demo-069-9f65b230:p001,implementation,4,heuristic-v2,2026-01-17T04:42:03.000Z
demo-069-9f65b230:p002,question,1,heuristic-v2,2026-01-17T05:08:03.000Z
demo-069-9f65b230:p003,refactor,3,heuristic-v2,2026-01-17T05:10:03.000Z
demo-069-9f65b230:p004,plan,3,heuristic-v2,2026-01-17T05:16:03.000Z
demo-069-9f65b230:p005,other,1,heuristic-v2,2026-01-17T05:39:03.000Z
demo-069-9f65b230:p006,test,4,heuristic-v2,2026-01-17T05:49:03.000Z
demo-069-9f65b230:p007,implementation,3,heuristic-v2,2026-01-17T05:53:03.000Z
demo-069-9f65b230:p008,question,3,heuristic-v2,2026-01-17T05:59:03.000Z
demo-070-e2fb3299:p001,question,2,heuristic-v2,2025-12-18T13:59:50.000Z
demo-070-e2fb3299:p002,plan,4,heuristic-v2,2025-12-18T14:05:50.000Z
demo-070-e2fb3299:p003,refactor,3,heuristic-v2,2025-12-18T14:32:50.000Z
demo-070-e2fb3299:p004,debug,5,heuristic-v2,2025-12-18T15:02:50.000Z
demo-070-e2fb3299:p005,other,3,heuristic-v2,2025-12-18T15:39:50.000Z
demo-070-e2fb3299:p006,implementation,2,heuristic-v2,2025-12-18T15:41:50.000Z
demo-070-e2fb3299:p007,test,3,heuristic-v2,2025-12-18T16:00:50.000Z
demo-070-e2fb3299:p008,debug,3,heuristic-v2,2025-12-18T16:04:50.000Z
demo-070-e2fb3299:p009,debug,5,heuristic-v2,2025-12-18T16:26:50.000Z
demo-070-e2fb3299:p010,debug,4,heuristic-v2,2025-12-18T17:02:50.000Z
demo-070-e2fb3299:p011,review,3,heuristic-v2,2025-12-18T17:30:50.000Z
demo-070-e2fb3299:p012,plan,2,heuristic-v2,2025-12-18T17:39:50.000Z
demo-071-f56a0338:p001,refactor,3,heuristic-v2,2026-05-21T12:28:52.000Z
demo-071-f56a0338:p002,implementation,4,heuristic-v2,2026-05-21T12:41:52.000Z
demo-071-f56a0338:p003,implementation,4,heuristic-v2,2026-05-21T13:16:52.000Z
demo-071-f56a0338:p004,debug,5,heuristic-v2,2026-05-21T13:35:52.000Z
demo-071-f56a0338:p005,debug,4,heuristic-v2,2026-05-21T14:02:52.000Z
demo-071-f56a0338:p006,question,2,heuristic-v2,2026-05-21T14:42:52.000Z
demo-071-f56a0338:p007,test,3,heuristic-v2,2026-05-21T15:11:52.000Z
demo-071-f56a0338:p008,question,1,heuristic-v2,2026-05-21T15:34:52.000Z
demo-071-f56a0338:p009,review,3,heuristic-v2,2026-05-21T16:13:52.000Z
demo-071-f56a0338:p010,review,3,heuristic-v2,2026-05-21T16:45:52.000Z
demo-071-f56a0338:p011,ops,1,heuristic-v2,2026-05-21T17:04:52.000Z
demo-071-f56a0338:p012,review,2,heuristic-v2,2026-05-21T17:08:52.000Z
demo-071-f56a0338:p013,debug,5,heuristic-v2,2026-05-21T17:43:52.000Z
demo-071-f56a0338:p014,question,1,heuristic-v2,2026-05-21T17:54:52.000Z
demo-071-f56a0338:p015,other,1,heuristic-v2,2026-05-21T18:18:52.000Z
demo-071-f56a0338:p016,plan,2,heuristic-v2,2026-05-21T18:53:52.000Z
demo-071-f56a0338:p017,question,3,heuristic-v2,2026-05-21T19:15:52.000Z
demo-071-f56a0338:p018,debug,5,heuristic-v2,2026-05-21T19:26:52.000Z
demo-071-f56a0338:p019,implementation,4,heuristic-v2,2026-05-21T19:33:52.000Z
demo-071-f56a0338:p020,debug,5,heuristic-v2,2026-05-21T20:08:52.000Z
demo-071-f56a0338:p021,debug,4,heuristic-v2,2026-05-21T20:29:52.000Z
demo-072-fe57191e:p001,docs,1,heuristic-v2,2026-05-02T06:56:45.000Z
demo-072-fe57191e:p002,debug,4,heuristic-v2,2026-05-02T07:14:45.000Z
demo-072-fe57191e:p003,ops,2,heuristic-v2,2026-05-02T07:24:45.000Z
demo-072-fe57191e:p004,implementation,5,heuristic-v2,2026-05-02T07:55:45.000Z
demo-072-fe57191e:p005,implementation,3,heuristic-v2,2026-05-02T08:24:45.000Z
demo-072-fe57191e:p006,question,2,heuristic-v2,2026-05-02T08:37:45.000Z
demo-072-fe57191e:p007,other,1,heuristic-v2,2026-05-02T09:11:45.000Z
demo-072-fe57191e:p008,other,1,heuristic-v2,2026-05-02T09:36:45.000Z
demo-072-fe57191e:p009,debug,5,heuristic-v2,2026-05-02T10:11:45.000Z
demo-073-5c9d18a6:p001,followup,1,heuristic-v2,2026-03-30T00:21:50.000Z
demo-073-5c9d18a6:p002,followup,1,heuristic-v2,2026-03-30T00:31:50.000Z
demo-073-5c9d18a6:p003,other,3,heuristic-v2,2026-03-30T01:05:50.000Z
demo-073-5c9d18a6:p004,implementation,2,heuristic-v2,2026-03-30T01:08:50.000Z
demo-073-5c9d18a6:p005,debug,3,heuristic-v2,2026-03-30T01:42:50.000Z
demo-073-5c9d18a6:p006,plan,4,heuristic-v2,2026-03-30T01:51:50.000Z
demo-073-5c9d18a6:p007,docs,1,heuristic-v2,2026-03-30T02:11:50.000Z
demo-073-5c9d18a6:p008,review,3,heuristic-v2,2026-03-30T02:48:50.000Z
demo-073-5c9d18a6:p009,other,3,heuristic-v2,2026-03-30T03:00:50.000Z
demo-073-5c9d18a6:p010,implementation,2,heuristic-v2,2026-03-30T03:31:50.000Z
demo-073-5c9d18a6:p011,other,1,heuristic-v2,2026-03-30T03:37:50.000Z
demo-073-5c9d18a6:p012,debug,4,heuristic-v2,2026-03-30T04:00:50.000Z
demo-074-21a62751:p001,ops,2,heuristic-v2,2026-04-22T13:18:05.000Z
demo-074-21a62751:p002,other,2,heuristic-v2,2026-04-22T13:55:05.000Z
demo-074-21a62751:p003,docs,2,heuristic-v2,2026-04-22T14:29:05.000Z
demo-074-21a62751:p004,plan,2,heuristic-v2,2026-04-22T14:34:05.000Z
demo-074-21a62751:p005,other,2,heuristic-v2,2026-04-22T15:04:05.000Z
demo-075-125ca850:p001,implementation,4,heuristic-v2,2026-04-02T10:44:20.000Z
demo-075-125ca850:p002,question,2,heuristic-v2,2026-04-02T11:05:20.000Z
demo-075-125ca850:p003,question,3,heuristic-v2,2026-04-02T11:23:20.000Z
demo-075-125ca850:p004,docs,3,heuristic-v2,2026-04-02T11:43:20.000Z
demo-075-125ca850:p005,test,3,heuristic-v2,2026-04-02T12:01:20.000Z
demo-075-125ca850:p006,debug,4,heuristic-v2,2026-04-02T12:26:20.000Z
demo-075-125ca850:p007,debug,3,heuristic-v2,2026-04-02T12:28:20.000Z
demo-075-125ca850:p008,question,2,heuristic-v2,2026-04-02T12:57:20.000Z
demo-075-125ca850:p009,question,1,heuristic-v2,2026-04-02T13:32:20.000Z
demo-075-125ca850:p010,debug,4,heuristic-v2,2026-04-02T13:53:20.000Z
demo-075-125ca850:p011,test,2,heuristic-v2,2026-04-02T14:26:20.000Z
demo-075-125ca850:p012,debug,5,heuristic-v2,2026-04-02T14:41:20.000Z
demo-075-125ca850:p013,other,3,heuristic-v2,2026-04-02T15:06:20.000Z
demo-075-125ca850:p014,debug,4,heuristic-v2,2026-04-02T15:26:20.000Z
demo-075-125ca850:p015,implementation,4,heuristic-v2,2026-04-02T15:44:20.000Z
demo-075-125ca850:p016,ops,3,heuristic-v2,2026-04-02T16:10:20.000Z
demo-075-125ca850:p017,test,2,heuristic-v2,2026-04-02T16:48:20.000Z
demo-075-125ca850:p018,debug,5,heuristic-v2,2026-04-02T16:58:20.000Z
demo-075-125ca850:p019,review,4,heuristic-v2,2026-04-02T17:26:20.000Z
demo-075-125ca850:p020,docs,2,heuristic-v2,2026-04-02T17:51:20.000Z
demo-075-125ca850:p021,plan,4,heuristic-v2,2026-04-02T17:59:20.000Z
demo-076-61e5e38e:p001,ops,1,heuristic-v2,2026-06-03T13:43:45.000Z
demo-076-61e5e38e:p002,question,1,heuristic-v2,2026-06-03T14:13:45.000Z
demo-076-61e5e38e:p003,docs,3,heuristic-v2,2026-06-03T14:37:45.000Z
demo-076-61e5e38e:p004,followup,1,heuristic-v2,2026-06-03T15:12:45.000Z
demo-076-61e5e38e:p005,other,1,heuristic-v2,2026-06-03T15:29:45.000Z
demo-076-61e5e38e:p006,implementation,3,heuristic-v2,2026-06-03T15:57:45.000Z
demo-076-61e5e38e:p007,followup,1,heuristic-v2,2026-06-03T16:05:45.000Z
demo-076-61e5e38e:p008,question,1,heuristic-v2,2026-06-03T16:30:45.000Z
demo-076-61e5e38e:p009,question,1,heuristic-v2,2026-06-03T17:04:45.000Z
demo-076-61e5e38e:p010,plan,3,heuristic-v2,2026-06-03T17:13:45.000Z
demo-077-10383537:p001,review,4,heuristic-v2,2026-03-12T01:14:25.000Z
demo-077-10383537:p002,ops,2,heuristic-v2,2026-03-12T01:51:25.000Z
demo-077-10383537:p003,question,2,heuristic-v2,2026-03-12T01:57:25.000Z
demo-077-10383537:p004,ops,1,heuristic-v2,2026-03-12T02:37:25.000Z
demo-078-26379ada:p001,ops,2,heuristic-v2,2026-04-19T19:37:16.000Z
demo-078-26379ada:p002,plan,2,heuristic-v2,2026-04-19T19:40:16.000Z
demo-078-26379ada:p003,debug,3,heuristic-v2,2026-04-19T19:54:16.000Z
demo-078-26379ada:p004,test,4,heuristic-v2,2026-04-19T20:33:16.000Z
demo-078-26379ada:p005,implementation,3,heuristic-v2,2026-04-19T21:07:16.000Z
demo-078-26379ada:p006,plan,2,heuristic-v2,2026-04-19T21:10:16.000Z
demo-078-26379ada:p007,test,4,heuristic-v2,2026-04-19T21:14:16.000Z
demo-078-26379ada:p008,implementation,4,heuristic-v2,2026-04-19T21:29:16.000Z
demo-078-26379ada:p009,review,5,heuristic-v2,2026-04-19T21:50:16.000Z
demo-079-9675b6d9:p001,ops,3,heuristic-v2,2026-03-09T05:44:00.000Z
