session_id,source,language,model,rent_read_tokens,load_write_5m_tokens,load_write_1h_tokens
demo-000-450c5bbc,config,-,claude-fable-5,184342,0,0
demo-000-450c5bbc,config,-,claude-haiku-4-5,995396,0,0
demo-000-450c5bbc,config,-,claude-opus-4-8,478904,37758,28449
demo-000-450c5bbc,config,-,claude-sonnet-4-6,1053572,0,0
demo-000-450c5bbc,conversation,-,claude-fable-5,523938,35962,1814
demo-000-450c5bbc,conversation,-,claude-haiku-4-5,1031721,98413,14979
demo-000-450c5bbc,conversation,-,claude-opus-4-8,897271,50726,7521
demo-000-450c5bbc,conversation,-,claude-sonnet-4-6,2620690,56963,14945
demo-000-450c5bbc,file_read,CSS,claude-fable-5,159495,0,0
demo-000-450c5bbc,file_read,CSS,claude-haiku-4-5,370749,10378,2487
demo-000-450c5bbc,file_read,CSS,claude-opus-4-8,243635,1459,278
demo-000-450c5bbc,file_read,CSS,claude-sonnet-4-6,454106,22931,4740
demo-000-450c5bbc,file_read,Markdown,claude-fable-5,554813,16203,2146
demo-000-450c5bbc,file_read,Markdown,claude-haiku-4-5,1429549,21412,2729
demo-000-450c5bbc,file_read,Markdown,claude-opus-4-8,939240,35881,12468
demo-000-450c5bbc,file_read,Markdown,claude-sonnet-4-6,2099803,28917,4365
demo-000-450c5bbc,file_read,TypeScript,claude-fable-5,1757452,22782,3457
demo-000-450c5bbc,file_read,TypeScript,claude-haiku-4-5,4188903,101799,15268
demo-000-450c5bbc,file_read,TypeScript,claude-opus-4-8,2935651,36058,12536
demo-000-450c5bbc,file_read,TypeScript,claude-sonnet-4-6,7621608,184197,29106
demo-000-450c5bbc,tool_output,-,claude-fable-5,424960,15309,2567
demo-000-450c5bbc,tool_output,-,claude-haiku-4-5,900538,26615,7887
demo-000-450c5bbc,tool_output,-,claude-opus-4-8,689022,21322,2220
demo-000-450c5bbc,tool_output,-,claude-sonnet-4-6,1354255,73015,14109
demo-001-638b2bb1,config,-,claude-fable-5,189721,0,0
demo-001-638b2bb1,config,-,claude-opus-4-8,457905,55149,15916
demo-001-638b2bb1,config,-,claude-sonnet-4-6,97353,0,0
demo-001-638b2bb1,conversation,-,claude-fable-5,24240,2024,144
demo-001-638b2bb1,conversation,-,claude-opus-4-8,56107,7114,2440
demo-001-638b2bb1,conversation,-,claude-sonnet-4-6,7733,3030,433
demo-001-638b2bb1,file_read,Markdown,claude-fable-5,35914,2453,175
demo-001-638b2bb1,file_read,Markdown,claude-opus-4-8,72617,7066,2039
demo-001-638b2bb1,file_read,Markdown,claude-sonnet-4-6,14699,2018,288
demo-001-638b2bb1,file_read,Python,claude-fable-5,135041,17277,1232
demo-001-638b2bb1,file_read,Python,claude-opus-4-8,285980,31950,11137
demo-001-638b2bb1,file_read,Python,claude-sonnet-4-6,35075,14224,2033
demo-001-638b2bb1,file_read,SQL,claude-fable-5,6068,0,0
demo-001-638b2bb1,file_read,SQL,claude-opus-4-8,25086,1665,1368
demo-001-638b2bb1,tool_output,-,claude-fable-5,20650,4312,308
demo-001-638b2bb1,tool_output,-,claude-opus-4-8,41910,6177,1701
demo-001-638b2bb1,tool_output,-,claude-sonnet-4-6,4039,0,0
demo-002-8356f0d0,config,-,claude-fable-5,187104,29007,1506
demo-002-8356f0d0,config,-,claude-haiku-4-5,1269268,0,0
demo-002-8356f0d0,config,-,claude-opus-4-8,382964,0,0
demo-002-8356f0d0,config,-,claude-sonnet-4-6,582325,0,0
demo-002-8356f0d0,conversation,-,claude-fable-5,4023,624,32
demo-002-8356f0d0,conversation,-,claude-haiku-4-5,301211,28711,2558
demo-002-8356f0d0,conversation,-,claude-opus-4-8,223192,10721,2947
demo-002-8356f0d0,conversation,-,claude-sonnet-4-6,250447,12952,1505
demo-002-8356f0d0,file_read,Jupyter Notebook,claude-haiku-4-5,187675,25329,2081
demo-002-8356f0d0,file_read,Jupyter Notebook,claude-opus-4-8,202161,4528,1014
demo-002-8356f0d0,file_read,Jupyter Notebook,claude-sonnet-4-6,138373,0,0
demo-002-8356f0d0,file_read,Markdown,claude-fable-5,33520,5196,270
demo-002-8356f0d0,file_read,Markdown,claude-haiku-4-5,443578,31792,3395
demo-002-8356f0d0,file_read,Markdown,claude-opus-4-8,280070,6222,1547
demo-002-8356f0d0,file_read,Markdown,claude-sonnet-4-6,294749,6036,913
demo-002-8356f0d0,file_read,Python,claude-fable-5,46867,7267,377
demo-002-8356f0d0,file_read,Python,claude-haiku-4-5,1519020,95199,9017
demo-002-8356f0d0,file_read,Python,claude-opus-4-8,1050984,31312,7280
demo-002-8356f0d0,file_read,Python,claude-sonnet-4-6,1215966,56538,4199
demo-002-8356f0d0,tool_output,-,claude-fable-5,7253,1124,59
demo-002-8356f0d0,tool_output,-,claude-haiku-4-5,262838,17520,1847
demo-002-8356f0d0,tool_output,-,claude-opus-4-8,228201,7382,2964
demo-002-8356f0d0,tool_output,-,claude-sonnet-4-6,229101,15292,2273
demo-003-47ba47d3,config,-,claude-fable-5,966946,58185,32562
demo-003-47ba47d3,config,-,claude-haiku-4-5,756721,0,0
demo-003-47ba47d3,config,-,claude-opus-4-8,534810,0,0
demo-003-47ba47d3,conversation,-,claude-fable-5,40000,4351,1519
demo-003-47ba47d3,conversation,-,claude-haiku-4-5,212915,9686,1204
demo-003-47ba47d3,conversation,-,claude-opus-4-8,89280,14160,4082
demo-003-47ba47d3,file_read,Markdown,claude-haiku-4-5,261242,9157,1136
demo-003-47ba47d3,file_read,Markdown,claude-opus-4-8,81154,11039,3336
demo-003-47ba47d3,file_read,Terraform,claude-fable-5,62897,24615,3959
demo-003-47ba47d3,file_read,Terraform,claude-haiku-4-5,950126,51619,6750
demo-003-47ba47d3,file_read,Terraform,claude-opus-4-8,339643,29825,8470
demo-003-47ba47d3,file_read,YAML,claude-fable-5,7701,3013,485
demo-003-47ba47d3,file_read,YAML,claude-haiku-4-5,89795,8053,1268
demo-003-47ba47d3,file_read,YAML,claude-opus-4-8,28222,2414,813
demo-003-47ba47d3,tool_output,-,claude-fable-5,101448,6104,3416
demo-003-47ba47d3,tool_output,-,claude-haiku-4-5,328450,10625,1374
demo-003-47ba47d3,tool_output,-,claude-opus-4-8,146989,20703,6094
demo-004-1e214b52,config,-,claude-fable-5,54574,0,0
demo-004-1e214b52,config,-,claude-haiku-4-5,193568,21988,6895
demo-004-1e214b52,config,-,claude-opus-4-8,976662,0,0
demo-004-1e214b52,config,-,claude-sonnet-4-6,707677,0,0
demo-004-1e214b52,conversation,-,claude-fable-5,5324,2447,507
demo-004-1e214b52,conversation,-,claude-haiku-4-5,28687,15214,5291
demo-004-1e214b52,conversation,-,claude-opus-4-8,505177,22765,2521
demo-004-1e214b52,conversation,-,claude-sonnet-4-6,295035,18089,3447
demo-004-1e214b52,file_read,Kotlin,claude-fable-5,51553,14597,3020
demo-004-1e214b52,file_read,Kotlin,claude-haiku-4-5,229478,12634,6587
demo-004-1e214b52,file_read,Kotlin,claude-opus-4-8,3286026,131883,12836
demo-004-1e214b52,file_read,Kotlin,claude-sonnet-4-6,1923332,107252,19052
demo-004-1e214b52,file_read,Markdown,claude-fable-5,6238,0,0
demo-004-1e214b52,file_read,Markdown,claude-haiku-4-5,37957,2749,1094
demo-004-1e214b52,file_read,Markdown,claude-opus-4-8,476658,6172,2092
demo-004-1e214b52,file_read,Markdown,claude-sonnet-4-6,235862,19318,3624
demo-004-1e214b52,file_read,Swift,claude-fable-5,6680,3636,752
demo-004-1e214b52,file_read,Swift,claude-haiku-4-5,19467,0,0
demo-004-1e214b52,file_read,Swift,claude-opus-4-8,424477,20935,1889
demo-004-1e214b52,file_read,Swift,claude-sonnet-4-6,207742,12760,2430
demo-004-1e214b52,tool_output,-,claude-fable-5,7014,0,0
demo-004-1e214b52,tool_output,-,claude-haiku-4-5,50019,10047,3400
demo-004-1e214b52,tool_output,-,claude-opus-4-8,619877,24974,4088
demo-004-1e214b52,tool_output,-,claude-sonnet-4-6,371630,8258,1711
demo-005-5ae14d75,config,-,claude-opus-4-8,165122,26906,30134
demo-005-5ae14d75,config,-,claude-sonnet-4-6,559780,0,0
demo-005-5ae14d75,conversation,-,claude-opus-4-8,10645,8287,930
demo-005-5ae14d75,conversation,-,claude-sonnet-4-6,112405,10697,2837
demo-005-5ae14d75,file_read,CSS,claude-sonnet-4-6,21704,1031,665
demo-005-5ae14d75,file_read,Markdown,claude-sonnet-4-6,28457,2043,4
demo-005-5ae14d75,file_read,TypeScript,claude-opus-4-8,53829,8366,9370
demo-005-5ae14d75,file_read,TypeScript,claude-sonnet-4-6,519658,42732,10157
demo-005-5ae14d75,tool_output,-,claude-opus-4-8,19300,9347,1367
demo-005-5ae14d75,tool_output,-,claude-sonnet-4-6,116773,10354,4621
demo-006-1fb999e6,config,-,claude-fable-5,687469,0,0
demo-006-1fb999e6,config,-,claude-opus-4-8,293677,45066,22238
demo-006-1fb999e6,config,-,claude-sonnet-4-6,1734650,0,0
demo-006-1fb999e6,conversation,-,claude-fable-5,120444,32523,5257
demo-006-1fb999e6,conversation,-,claude-opus-4-8,3116,478,236
demo-006-1fb999e6,conversation,-,claude-sonnet-4-6,250428,24041,4393
demo-006-1fb999e6,file_read,Markdown,claude-fable-5,163387,0,0
demo-006-1fb999e6,file_read,Markdown,claude-opus-4-8,22779,3495,1725
demo-006-1fb999e6,file_read,Markdown,claude-sonnet-4-6,458486,15831,1692
demo-006-1fb999e6,file_read,Python,claude-fable-5,499306,20495,5571
demo-006-1fb999e6,file_read,Python,claude-opus-4-8,38713,5941,2932
demo-006-1fb999e6,file_read,Python,claude-sonnet-4-6,1078717,61524,6654
demo-006-1fb999e6,tool_output,-,claude-fable-5,235236,19113,5963
demo-006-1fb999e6,tool_output,-,claude-opus-4-8,24067,3692,1822
demo-006-1fb999e6,tool_output,-,claude-sonnet-4-6,524770,31430,8090
demo-007-0b96130a,config,-,claude-fable-5,257434,0,0
demo-007-0b96130a,config,-,claude-opus-4-8,609892,49706,8637
demo-007-0b96130a,config,-,claude-sonnet-4-6,239354,0,0
demo-007-0b96130a,conversation,-,claude-fable-5,99920,7185,533
demo-007-0b96130a,conversation,-,claude-opus-4-8,90383,10603,1571
demo-007-0b96130a,conversation,-,claude-sonnet-4-6,41197,3697,799
demo-007-0b96130a,file_read,Jupyter Notebook,claude-fable-5,38387,0,0
demo-007-0b96130a,file_read,Jupyter Notebook,claude-opus-4-8,24763,0,0
demo-007-0b96130a,file_read,Jupyter Notebook,claude-sonnet-4-6,35692,7292,1575
demo-007-0b96130a,file_read,Markdown,claude-fable-5,111249,0,0
demo-007-0b96130a,file_read,Markdown,claude-opus-4-8,90763,10616,1449
demo-007-0b96130a,file_read,Markdown,claude-sonnet-4-6,63484,10875,2349
demo-007-0b96130a,file_read,Python,claude-fable-5,311269,10757,797
demo-007-0b96130a,file_read,Python,claude-opus-4-8,422986,45334,7055
demo-007-0b96130a,file_read,Python,claude-sonnet-4-6,170006,7462,1612
demo-007-0b96130a,tool_output,-,claude-fable-5,52675,13334,988
demo-007-0b96130a,tool_output,-,claude-opus-4-8,2607,0,0
demo-007-0b96130a,tool_output,-,claude-sonnet-4-6,3759,768,166
demo-008-493d65aa,config,-,claude-fable-5,373511,0,0
demo-008-493d65aa,config,-,claude-haiku-4-5,110427,0,0
demo-008-493d65aa,config,-,claude-opus-4-8,595024,0,0
demo-008-493d65aa,config,-,claude-sonnet-4-6,591862,39763,25854
demo-008-493d65aa,conversation,-,claude-fable-5,26173,4148,1719
demo-008-493d65aa,conversation,-,claude-haiku-4-5,29105,10149,817
demo-008-493d65aa,conversation,-,claude-opus-4-8,123270,20019,1263
demo-008-493d65aa,conversation,-,claude-sonnet-4-6,48115,4129,1264
demo-008-493d65aa,file_read,Markdown,claude-fable-5,23840,3626,664
demo-008-493d65aa,file_read,Markdown,claude-haiku-4-5,41153,756,153
demo-008-493d65aa,file_read,Markdown,claude-opus-4-8,167122,5724,940
demo-008-493d65aa,file_read,Markdown,claude-sonnet-4-6,59115,11258,2329
demo-008-493d65aa,file_read,Terraform,claude-fable-5,134096,8366,3442
demo-008-493d65aa,file_read,Terraform,claude-haiku-4-5,130036,6750,1367
demo-008-493d65aa,file_read,Terraform,claude-opus-4-8,530726,19186,3149
demo-008-493d65aa,file_read,Terraform,claude-sonnet-4-6,261414,28441,10852
demo-008-493d65aa,file_read,YAML,claude-fable-5,7734,0,0
demo-008-493d65aa,file_read,YAML,claude-haiku-4-5,2286,0,0
demo-008-493d65aa,file_read,YAML,claude-opus-4-8,12321,0,0
demo-008-493d65aa,file_read,YAML,claude-sonnet-4-6,12255,825,535
demo-008-493d65aa,tool_output,-,claude-fable-5,65529,11768,4524
demo-008-493d65aa,tool_output,-,claude-haiku-4-5,59441,0,0
demo-008-493d65aa,tool_output,-,claude-opus-4-8,275746,27277,2198
demo-008-493d65aa,tool_output,-,claude-sonnet-4-6,112757,11548,3223
demo-009-89415ed4,config,-,claude-fable-5,158678,0,0
demo-009-89415ed4,config,-,claude-haiku-4-5,264028,0,0
demo-009-89415ed4,config,-,claude-opus-4-8,288078,30439,22161
demo-009-89415ed4,config,-,claude-sonnet-4-6,551414,0,0
demo-009-89415ed4,conversation,-,claude-fable-5,20534,2279,428
demo-009-89415ed4,conversation,-,claude-haiku-4-5,37295,1790,995
demo-009-89415ed4,conversation,-,claude-opus-4-8,56930,4044,1266
demo-009-89415ed4,conversation,-,claude-sonnet-4-6,71085,21644,4183
demo-009-89415ed4,file_read,Kotlin,claude-fable-5,110900,9044,1697
demo-009-89415ed4,file_read,Kotlin,claude-haiku-4-5,201814,13287,4073
demo-009-89415ed4,file_read,Kotlin,claude-opus-4-8,298398,35929,8103
demo-009-89415ed4,file_read,Kotlin,claude-sonnet-4-6,380242,0,0
demo-009-89415ed4,file_read,Markdown,claude-fable-5,6537,0,0
demo-009-89415ed4,file_read,Markdown,claude-haiku-4-5,10876,1296,39
demo-009-89415ed4,file_read,Markdown,claude-opus-4-8,40710,12892,130
demo-009-89415ed4,file_read,Markdown,claude-sonnet-4-6,32018,0,0
demo-009-89415ed4,file_read,Swift,claude-fable-5,15162,0,0
demo-009-89415ed4,file_read,Swift,claude-haiku-4-5,25229,3005,89
demo-009-89415ed4,file_read,Swift,claude-opus-4-8,35125,4067,41
demo-009-89415ed4,file_read,Swift,claude-sonnet-4-6,55625,0,0
demo-009-89415ed4,tool_output,-,claude-fable-5,39210,8071,1515
demo-009-89415ed4,tool_output,-,claude-haiku-4-5,57383,1189,812
demo-009-89415ed4,tool_output,-,claude-opus-4-8,85663,1918,1397
demo-009-89415ed4,tool_output,-,claude-sonnet-4-6,114031,50077,9218
demo-010-a9987b64,config,-,claude-fable-5,604638,77312,6197
demo-010-a9987b64,config,-,claude-haiku-4-5,421584,0,0
demo-010-a9987b64,config,-,claude-sonnet-4-6,857115,0,0
demo-010-a9987b64,conversation,-,claude-fable-5,56290,10602,377
demo-010-a9987b64,conversation,-,claude-haiku-4-5,100403,20637,7764
demo-010-a9987b64,conversation,-,claude-sonnet-4-6,236617,15221,2850
demo-010-a9987b64,file_read,Markdown,claude-fable-5,43254,0,0
demo-010-a9987b64,file_read,Markdown,claude-haiku-4-5,101599,8328,1896
demo-010-a9987b64,file_read,Markdown,claude-sonnet-4-6,224890,9309,2867
demo-010-a9987b64,file_read,TypeScript,claude-fable-5,161654,25434,910
demo-010-a9987b64,file_read,TypeScript,claude-haiku-4-5,333171,21985,5188
demo-010-a9987b64,file_read,TypeScript,claude-sonnet-4-6,808508,58162,7355
demo-010-a9987b64,tool_output,-,claude-fable-5,112257,10713,859
demo-010-a9987b64,tool_output,-,claude-haiku-4-5,147002,5776,1783
demo-010-a9987b64,tool_output,-,claude-sonnet-4-6,290281,10421,1996
demo-011-c50e7639,config,-,claude-haiku-4-5,41906,0,0
demo-011-c50e7639,config,-,claude-opus-4-8,195056,0,0
demo-011-c50e7639,config,-,claude-sonnet-4-6,970396,73087,33105
demo-011-c50e7639,conversation,-,claude-haiku-4-5,8239,241,126
demo-011-c50e7639,conversation,-,claude-opus-4-8,15571,600,298
demo-011-c50e7639,conversation,-,claude-sonnet-4-6,126155,63687,10313
demo-011-c50e7639,file_read,Markdown,claude-haiku-4-5,5542,440,231
demo-011-c50e7639,file_read,Markdown,claude-opus-4-8,16659,1517,751
demo-011-c50e7639,file_read,Markdown,claude-sonnet-4-6,65114,0,0
demo-011-c50e7639,file_read,Python,claude-haiku-4-5,23284,3748,1964
demo-011-c50e7639,file_read,Python,claude-opus-4-8,30583,2785,1380
demo-011-c50e7639,file_read,Python,claude-sonnet-4-6,119544,0,0
demo-011-c50e7639,file_read,SQL,claude-haiku-4-5,2745,153,80
demo-011-c50e7639,file_read,SQL,claude-opus-4-8,9606,874,433
demo-011-c50e7639,file_read,SQL,claude-sonnet-4-6,37545,0,0
demo-011-c50e7639,tool_output,-,claude-haiku-4-5,9786,0,0
demo-011-c50e7639,tool_output,-,claude-opus-4-8,45551,1802,892
demo-011-c50e7639,tool_output,-,claude-sonnet-4-6,205518,9654,4373
demo-012-2960a43d,config,-,claude-fable-5,776203,56674,10651
demo-012-2960a43d,config,-,claude-haiku-4-5,97664,0,0
demo-012-2960a43d,config,-,claude-opus-4-8,1622248,0,0
demo-012-2960a43d,config,-,claude-sonnet-4-6,660546,0,0
demo-012-2960a43d,conversation,-,claude-fable-5,91602,7200,1675
demo-012-2960a43d,conversation,-,claude-haiku-4-5,71648,814,159
demo-012-2960a43d,conversation,-,claude-opus-4-8,612983,44366,4737
demo-012-2960a43d,conversation,-,claude-sonnet-4-6,366593,52408,6275
demo-012-2960a43d,file_read,Jupyter Notebook,claude-haiku-4-5,34945,7311,1428
demo-012-2960a43d,file_read,Jupyter Notebook,claude-opus-4-8,154905,5464,828
demo-012-2960a43d,file_read,Jupyter Notebook,claude-sonnet-4-6,118582,1229,563
demo-012-2960a43d,file_read,Markdown,claude-fable-5,76161,14531,3606
demo-012-2960a43d,file_read,Markdown,claude-haiku-4-5,42658,0,0
demo-012-2960a43d,file_read,Markdown,claude-opus-4-8,275230,2622,397
demo-012-2960a43d,file_read,Markdown,claude-sonnet-4-6,176854,14916,6398
demo-012-2960a43d,file_read,Python,claude-fable-5,389709,27094,5479
demo-012-2960a43d,file_read,Python,claude-haiku-4-5,288641,19936,3894
demo-012-2960a43d,file_read,Python,claude-opus-4-8,2416287,66634,11702
demo-012-2960a43d,file_read,Python,claude-sonnet-4-6,1408159,30025,12404
demo-012-2960a43d,tool_output,-,claude-fable-5,180234,11456,2435
demo-012-2960a43d,tool_output,-,claude-haiku-4-5,102697,0,0
demo-012-2960a43d,tool_output,-,claude-opus-4-8,1027378,48091,5316
demo-012-2960a43d,tool_output,-,claude-sonnet-4-6,567809,29936,5368
demo-013-b9eb2f85,config,-,claude-haiku-4-5,758130,0,0
demo-013-b9eb2f85,config,-,claude-opus-4-8,679660,0,0
demo-013-b9eb2f85,config,-,claude-sonnet-4-6,1297866,46599,20087
demo-013-b9eb2f85,conversation,-,claude-haiku-4-5,226142,10789,3072
demo-013-b9eb2f85,conversation,-,claude-opus-4-8,215846,15290,4726
demo-013-b9eb2f85,conversation,-,claude-sonnet-4-6,120645,15397,2012
demo-013-b9eb2f85,file_read,Markdown,claude-haiku-4-5,66037,4107,1323
demo-013-b9eb2f85,file_read,Markdown,claude-opus-4-8,70826,7963,1202
demo-013-b9eb2f85,file_read,Markdown,claude-sonnet-4-6,18251,4292,2804
demo-013-b9eb2f85,file_read,Terraform,claude-haiku-4-5,1023349,53621,6549
demo-013-b9eb2f85,file_read,Terraform,claude-opus-4-8,896479,35506,7020
demo-013-b9eb2f85,file_read,Terraform,claude-sonnet-4-6,448815,41878,5783
demo-013-b9eb2f85,file_read,YAML,claude-haiku-4-5,145521,10412,1238
demo-013-b9eb2f85,file_read,YAML,claude-opus-4-8,127525,0,0
demo-013-b9eb2f85,file_read,YAML,claude-sonnet-4-6,159479,5261,2268
demo-013-b9eb2f85,tool_output,-,claude-haiku-4-5,305531,15952,7737
demo-013-b9eb2f85,tool_output,-,claude-opus-4-8,250786,19430,6817
demo-013-b9eb2f85,tool_output,-,claude-sonnet-4-6,273566,25626,6081
demo-014-dfa0e9f1,config,-,claude-fable-5,540654,49724,16757
demo-014-dfa0e9f1,config,-,claude-haiku-4-5,1038787,0,0
demo-014-dfa0e9f1,config,-,claude-opus-4-8,1085121,0,0
demo-014-dfa0e9f1,config,-,claude-sonnet-4-6,313970,0,0
demo-014-dfa0e9f1,conversation,-,claude-fable-5,87642,14591,3538
demo-014-dfa0e9f1,conversation,-,claude-haiku-4-5,174203,31452,4279
demo-014-dfa0e9f1,conversation,-,claude-opus-4-8,339497,29773,6115
demo-014-dfa0e9f1,conversation,-,claude-sonnet-4-6,124541,6161,1372
demo-014-dfa0e9f1,file_read,Kotlin,claude-fable-5,258434,11876,4002
demo-014-dfa0e9f1,file_read,Kotlin,claude-haiku-4-5,578731,38620,9950
demo-014-dfa0e9f1,file_read,Kotlin,claude-opus-4-8,1161189,44103,7250
demo-014-dfa0e9f1,file_read,Kotlin,claude-sonnet-4-6,413141,30040,6684
demo-014-dfa0e9f1,file_read,Markdown,claude-fable-5,59464,2044,689
demo-014-dfa0e9f1,file_read,Markdown,claude-haiku-4-5,152206,8869,3469
demo-014-dfa0e9f1,file_read,Markdown,claude-opus-4-8,264360,7021,1494
demo-014-dfa0e9f1,file_read,Markdown,claude-sonnet-4-6,104689,1318,293
demo-014-dfa0e9f1,file_read,Swift,claude-fable-5,25349,2332,786
demo-014-dfa0e9f1,file_read,Swift,claude-haiku-4-5,48703,0,0
demo-014-dfa0e9f1,file_read,Swift,claude-opus-4-8,50875,0,0
demo-014-dfa0e9f1,file_read,Swift,claude-sonnet-4-6,26064,5501,1228
demo-014-dfa0e9f1,tool_output,-,claude-fable-5,83128,23046,5669
demo-014-dfa0e9f1,tool_output,-,claude-haiku-4-5,174839,6243,2430
demo-014-dfa0e9f1,tool_output,-,claude-opus-4-8,283789,6565,1031
demo-014-dfa0e9f1,tool_output,-,claude-sonnet-4-6,107654,3650,814
demo-015-8fc82e35,config,-,claude-haiku-4-5,601503,0,0
demo-015-8fc82e35,config,-,claude-opus-4-8,894004,55025,18582
demo-015-8fc82e35,config,-,claude-sonnet-4-6,297557,0,0
demo-015-8fc82e35,conversation,-,claude-haiku-4-5,165024,8599,1247
demo-015-8fc82e35,conversation,-,claude-opus-4-8,110501,14926,3349
demo-015-8fc82e35,conversation,-,claude-sonnet-4-6,39256,21988,4108
demo-015-8fc82e35,file_read,CSS,claude-haiku-4-5,46999,2281,241
demo-015-8fc82e35,file_read,CSS,claude-opus-4-8,51349,8378,1013
demo-015-8fc82e35,file_read,CSS,claude-sonnet-4-6,9629,0,0
demo-015-8fc82e35,file_read,Markdown,claude-haiku-4-5,73152,12764,1885
demo-015-8fc82e35,file_read,TypeScript,claude-haiku-4-5,688917,40378,6025
demo-015-8fc82e35,file_read,TypeScript,claude-opus-4-8,479718,62612,10976
demo-015-8fc82e35,file_read,TypeScript,claude-sonnet-4-6,125086,2321,660
demo-015-8fc82e35,tool_output,-,claude-haiku-4-5,143058,14595,2063
demo-015-8fc82e35,tool_output,-,claude-opus-4-8,77958,8453,1933
demo-015-8fc82e35,tool_output,-,claude-sonnet-4-6,34889,14535,2696
demo-016-f10087cf,config,-,claude-haiku-4-5,294912,31925,26617
demo-016-f10087cf,config,-,claude-opus-4-8,545819,0,0
demo-016-f10087cf,config,-,claude-sonnet-4-6,481930,0,0
demo-016-f10087cf,conversation,-,claude-haiku-4-5,131850,6244,2665
demo-016-f10087cf,conversation,-,claude-opus-4-8,259512,6480,516
demo-016-f10087cf,conversation,-,claude-sonnet-4-6,695608,17103,962
demo-016-f10087cf,file_read,Markdown,claude-haiku-4-5,57432,3877,2800
demo-016-f10087cf,file_read,Markdown,claude-opus-4-8,116263,6238,1267
demo-016-f10087cf,file_read,Markdown,claude-sonnet-4-6,122724,7326,295
demo-016-f10087cf,file_read,Python,claude-haiku-4-5,372338,34752,10379
demo-016-f10087cf,file_read,Python,claude-opus-4-8,759987,38409,5895
demo-016-f10087cf,file_read,Python,claude-sonnet-4-6,718400,22008,3506
demo-016-f10087cf,file_read,SQL,claude-haiku-4-5,53226,11394,1103
demo-016-f10087cf,file_read,SQL,claude-opus-4-8,109618,8902,355
demo-016-f10087cf,file_read,SQL,claude-sonnet-4-6,118911,1650,441
demo-016-f10087cf,tool_output,-,claude-haiku-4-5,47553,2533,2112
demo-016-f10087cf,tool_output,-,claude-opus-4-8,92804,0,0
demo-016-f10087cf,tool_output,-,claude-sonnet-4-6,107397,14272,1275
demo-017-4f15148f,config,-,claude-fable-5,499392,79378,1018
demo-017-4f15148f,config,-,claude-opus-4-8,728883,0,0
demo-017-4f15148f,config,-,claude-sonnet-4-6,135841,0,0
demo-017-4f15148f,conversation,-,claude-fable-5,26345,4187,54
demo-017-4f15148f,conversation,-,claude-opus-4-8,187525,60307,12233
demo-017-4f15148f,conversation,-,claude-sonnet-4-6,57988,916,1001
demo-017-4f15148f,file_read,Markdown,claude-sonnet-4-6,20314,1982,2168
demo-017-4f15148f,file_read,Python,claude-opus-4-8,219303,9526,5393
demo-017-4f15148f,file_read,Python,claude-sonnet-4-6,98901,4175,4565
demo-017-4f15148f,tool_output,-,claude-fable-5,36652,5826,75
demo-017-4f15148f,tool_output,-,claude-opus-4-8,178621,16923,5390
demo-017-4f15148f,tool_output,-,claude-sonnet-4-6,36535,0,0
demo-018-48b2c8a5,config,-,claude-fable-5,301814,0,0
demo-018-48b2c8a5,config,-,claude-haiku-4-5,598501,0,0
demo-018-48b2c8a5,config,-,claude-opus-4-8,352302,43079,11534
demo-018-48b2c8a5,config,-,claude-sonnet-4-6,190681,0,0
demo-018-48b2c8a5,conversation,-,claude-fable-5,40851,3897,495
demo-018-48b2c8a5,conversation,-,claude-haiku-4-5,163361,22387,3380
demo-018-48b2c8a5,conversation,-,claude-opus-4-8,46944,5052,1474
demo-018-48b2c8a5,conversation,-,claude-sonnet-4-6,36012,4940,488
demo-018-48b2c8a5,file_read,Markdown,claude-fable-5,26176,4689,595
demo-018-48b2c8a5,file_read,Markdown,claude-haiku-4-5,101050,0,0
demo-018-48b2c8a5,file_read,Markdown,claude-opus-4-8,36036,4006,1321
demo-018-48b2c8a5,file_read,Markdown,claude-sonnet-4-6,32193,0,0
demo-018-48b2c8a5,file_read,Terraform,claude-fable-5,195771,17421,2213
demo-018-48b2c8a5,file_read,Terraform,claude-haiku-4-5,783306,34515,6106
demo-018-48b2c8a5,file_read,Terraform,claude-opus-4-8,276657,34220,10525
demo-018-48b2c8a5,file_read,Terraform,claude-sonnet-4-6,209680,0,0
demo-018-48b2c8a5,file_read,YAML,claude-fable-5,10697,0,0
demo-018-48b2c8a5,file_read,YAML,claude-haiku-4-5,21210,0,0
demo-018-48b2c8a5,file_read,YAML,claude-opus-4-8,12486,1527,409
demo-018-48b2c8a5,file_read,YAML,claude-sonnet-4-6,6757,0,0
demo-018-48b2c8a5,tool_output,-,claude-fable-5,48958,7319,930
demo-018-48b2c8a5,tool_output,-,claude-haiku-4-5,232397,29205,5724
demo-018-48b2c8a5,tool_output,-,claude-opus-4-8,47145,3885,1133
demo-018-48b2c8a5,tool_output,-,claude-sonnet-4-6,53099,32211,3182
demo-019-158f03c8,config,-,claude-opus-4-8,127951,41950,39187
demo-019-158f03c8,config,-,claude-sonnet-4-6,542561,0,0
demo-019-158f03c8,conversation,-,claude-opus-4-8,5056,1657,1548
demo-019-158f03c8,conversation,-,claude-sonnet-4-6,37031,3636,1161
demo-019-158f03c8,file_read,Kotlin,claude-sonnet-4-6,145133,25431,7053
demo-019-158f03c8,file_read,Markdown,claude-sonnet-4-6,86388,12173,2875
demo-019-158f03c8,tool_output,-,claude-opus-4-8,2413,791,739
demo-019-158f03c8,tool_output,-,claude-sonnet-4-6,45811,6213,1719
demo-020-0164b3ae,config,-,claude-fable-5,837739,51840,13083
demo-020-0164b3ae,config,-,claude-haiku-4-5,842646,0,0
demo-020-0164b3ae,config,-,claude-opus-4-8,636726,0,0
demo-020-0164b3ae,config,-,claude-sonnet-4-6,75266,0,0
demo-020-0164b3ae,conversation,-,claude-fable-5,99068,3647,1432
demo-020-0164b3ae,conversation,-,claude-haiku-4-5,172030,41667,3050
demo-020-0164b3ae,conversation,-,claude-opus-4-8,82172,9538,3358
demo-020-0164b3ae,conversation,-,claude-sonnet-4-6,13466,5995,1903
demo-020-0164b3ae,file_read,CSS,claude-fable-5,36614,1906,1229
demo-020-0164b3ae,file_read,CSS,claude-haiku-4-5,57325,0,0
demo-020-0164b3ae,file_read,CSS,claude-opus-4-8,20327,4153,998
demo-020-0164b3ae,file_read,CSS,claude-sonnet-4-6,2842,0,0
demo-020-0164b3ae,file_read,Markdown,claude-fable-5,53790,552,356
demo-020-0164b3ae,file_read,Markdown,claude-haiku-4-5,84215,0,0
demo-020-0164b3ae,file_read,Markdown,claude-opus-4-8,56107,13895,3382
demo-020-0164b3ae,file_read,Markdown,claude-sonnet-4-6,10438,0,0
demo-020-0164b3ae,file_read,TypeScript,claude-fable-5,321066,25411,8507
demo-020-0164b3ae,file_read,TypeScript,claude-haiku-4-5,592636,11582,832
demo-020-0164b3ae,file_read,TypeScript,claude-opus-4-8,168441,15842,3463
demo-020-0164b3ae,file_read,TypeScript,claude-sonnet-4-6,18687,11085,3520
demo-020-0164b3ae,tool_output,-,claude-fable-5,91183,4277,1181
demo-020-0164b3ae,tool_output,-,claude-haiku-4-5,209891,17048,1224
demo-020-0164b3ae,tool_output,-,claude-opus-4-8,88390,14392,5708
demo-020-0164b3ae,tool_output,-,claude-sonnet-4-6,11675,4812,1528
demo-021-7ab39286,config,-,claude-fable-5,324537,0,0
demo-021-7ab39286,config,-,claude-haiku-4-5,867693,0,0
demo-021-7ab39286,config,-,claude-opus-4-8,1908950,42771,9084
demo-021-7ab39286,config,-,claude-sonnet-4-6,785197,0,0
demo-021-7ab39286,conversation,-,claude-fable-5,101761,13894,10
demo-021-7ab39286,conversation,-,claude-haiku-4-5,688122,51713,4068
demo-021-7ab39286,conversation,-,claude-opus-4-8,620591,38298,3643
demo-021-7ab39286,conversation,-,claude-sonnet-4-6,419207,47656,6163
demo-021-7ab39286,file_read,Markdown,claude-fable-5,34919,0,0
demo-021-7ab39286,file_read,Markdown,claude-haiku-4-5,393171,4085,236
demo-021-7ab39286,file_read,Markdown,claude-opus-4-8,415273,12863,2002
demo-021-7ab39286,file_read,Markdown,claude-sonnet-4-6,263176,9608,1601
demo-021-7ab39286,file_read,Python,claude-fable-5,141146,0,0
demo-021-7ab39286,file_read,Python,claude-haiku-4-5,1785171,54048,2470
demo-021-7ab39286,file_read,Python,claude-opus-4-8,1279108,78653,13140
demo-021-7ab39286,file_read,Python,claude-sonnet-4-6,1000879,34229,4668
demo-021-7ab39286,file_read,SQL,claude-fable-5,42487,0,0
demo-021-7ab39286,file_read,SQL,claude-haiku-4-5,289081,0,0
demo-021-7ab39286,file_read,SQL,claude-opus-4-8,290470,16582,2407
demo-021-7ab39286,file_read,SQL,claude-sonnet-4-6,157070,9253,1156
demo-021-7ab39286,tool_output,-,claude-fable-5,122928,14040,11
demo-021-7ab39286,tool_output,-,claude-haiku-4-5,758137,18665,3381
demo-021-7ab39286,tool_output,-,claude-opus-4-8,765933,32261,3947
demo-021-7ab39286,tool_output,-,claude-sonnet-4-6,483384,46276,4541
demo-022-abccfffd,config,-,claude-haiku-4-5,315930,0,0
demo-022-abccfffd,config,-,claude-opus-4-8,213128,0,0
demo-022-abccfffd,config,-,claude-sonnet-4-6,30662,39545,13486
demo-022-abccfffd,conversation,-,claude-haiku-4-5,20215,22150,563
demo-022-abccfffd,conversation,-,claude-opus-4-8,6186,4295,1314
demo-022-abccfffd,conversation,-,claude-sonnet-4-6,423,546,186
demo-022-abccfffd,file_read,Python,claude-haiku-4-5,151900,0,0
demo-022-abccfffd,file_read,Python,claude-opus-4-8,102474,13058,3995
demo-022-abccfffd,file_read,Python,claude-sonnet-4-6,13322,17182,5859
demo-022-abccfffd,tool_output,-,claude-haiku-4-5,23768,0,0
demo-022-abccfffd,tool_output,-,claude-opus-4-8,16034,0,0
demo-022-abccfffd,tool_output,-,claude-sonnet-4-6,2307,2975,1015
demo-023-042116e8,config,-,claude-fable-5,193103,0,0
demo-023-042116e8,config,-,claude-haiku-4-5,158977,0,0
demo-023-042116e8,config,-,claude-opus-4-8,866152,42724,19650
demo-023-042116e8,conversation,-,claude-fable-5,65995,2136,215
demo-023-042116e8,conversation,-,claude-haiku-4-5,30483,3539,409
demo-023-042116e8,conversation,-,claude-opus-4-8,179460,12156,4523
demo-023-042116e8,file_read,Markdown,claude-fable-5,43972,989,99
demo-023-042116e8,file_read,Markdown,claude-haiku-4-5,27394,0,0
demo-023-042116e8,file_read,Markdown,claude-opus-4-8,158502,7363,3386
demo-023-042116e8,file_read,Terraform,claude-fable-5,425623,11187,1126
demo-023-042116e8,file_read,Terraform,claude-haiku-4-5,154803,23146,2676
demo-023-042116e8,file_read,Terraform,claude-opus-4-8,994726,64698,20133
demo-023-042116e8,tool_output,-,claude-fable-5,59460,2313,233
demo-023-042116e8,tool_output,-,claude-haiku-4-5,23812,8727,1009
demo-023-042116e8,tool_output,-,claude-opus-4-8,112124,10871,3429
demo-024-171600f1,config,-,claude-fable-5,160318,0,0
demo-024-171600f1,config,-,claude-haiku-4-5,1616595,0,0
demo-024-171600f1,config,-,claude-opus-4-8,2312782,89845,17030
demo-024-171600f1,config,-,claude-sonnet-4-6,1259146,0,0
demo-024-171600f1,conversation,-,claude-fable-5,80350,11807,4
demo-024-171600f1,conversation,-,claude-haiku-4-5,613665,65264,12564
demo-024-171600f1,conversation,-,claude-opus-4-8,753353,44876,8849
demo-024-171600f1,conversation,-,claude-sonnet-4-6,696357,70070,12454
demo-024-171600f1,file_read,Kotlin,claude-fable-5,296615,13555,4
demo-024-171600f1,file_read,Kotlin,claude-haiku-4-5,2332381,108341,28164
demo-024-171600f1,file_read,Kotlin,claude-opus-4-8,2885478,83055,14536
demo-024-171600f1,file_read,Kotlin,claude-sonnet-4-6,2515432,27163,4896
demo-024-171600f1,file_read,Markdown,claude-fable-5,50215,0,0
demo-024-171600f1,file_read,Markdown,claude-haiku-4-5,289577,1635,658
demo-024-171600f1,file_read,Markdown,claude-opus-4-8,386399,9562,2246
demo-024-171600f1,file_read,Markdown,claude-sonnet-4-6,347158,5555,1365
demo-024-171600f1,file_read,Swift,claude-fable-5,14951,0,0
demo-024-171600f1,file_read,Swift,claude-haiku-4-5,95631,5206,1618
demo-024-171600f1,file_read,Swift,claude-opus-4-8,169311,3195,1757
demo-024-171600f1,file_read,Swift,claude-sonnet-4-6,158562,0,0
demo-024-171600f1,tool_output,-,claude-fable-5,57166,0,0
demo-024-171600f1,tool_output,-,claude-haiku-4-5,499024,19323,5901
demo-024-171600f1,tool_output,-,claude-opus-4-8,718079,48679,9667
demo-024-171600f1,tool_output,-,claude-sonnet-4-6,611283,59793,10793
demo-025-3ab52417,config,-,claude-fable-5,359570,0,0
demo-025-3ab52417,config,-,claude-haiku-4-5,929167,0,0
demo-025-3ab52417,config,-,claude-opus-4-8,2583680,53676,14390
demo-025-3ab52417,config,-,claude-sonnet-4-6,104896,0,0
demo-025-3ab52417,conversation,-,claude-fable-5,292359,14227,3667
demo-025-3ab52417,conversation,-,claude-haiku-4-5,979290,66647,18908
demo-025-3ab52417,conversation,-,claude-opus-4-8,832559,41875,4957
demo-025-3ab52417,conversation,-,claude-sonnet-4-6,99251,4873,1001
demo-025-3ab52417,file_read,CSS,claude-fable-5,171446,0,0
demo-025-3ab52417,file_read,CSS,claude-haiku-4-5,515462,5198,1524
demo-025-3ab52417,file_read,CSS,claude-opus-4-8,349605,19155,1080
demo-025-3ab52417,file_read,CSS,claude-sonnet-4-6,52313,0,0
demo-025-3ab52417,file_read,Markdown,claude-fable-5,301011,7099,1434
demo-025-3ab52417,file_read,Markdown,claude-haiku-4-5,930267,7671,1171
demo-025-3ab52417,file_read,Markdown,claude-opus-4-8,767713,26586,1722
demo-025-3ab52417,file_read,Markdown,claude-sonnet-4-6,108559,8799,1925
demo-025-3ab52417,file_read,TypeScript,claude-fable-5,1418617,38241,6561
demo-025-3ab52417,file_read,TypeScript,claude-haiku-4-5,4425727,88644,11808
demo-025-3ab52417,file_read,TypeScript,claude-opus-4-8,4291834,122915,19661
demo-025-3ab52417,file_read,TypeScript,claude-sonnet-4-6,443419,10376,2907
demo-025-3ab52417,tool_output,-,claude-fable-5,168258,20171,6836
demo-025-3ab52417,tool_output,-,claude-haiku-4-5,670551,27712,9239
demo-025-3ab52417,tool_output,-,claude-opus-4-8,615904,67603,4217
demo-025-3ab52417,tool_output,-,claude-sonnet-4-6,52113,306,214
demo-026-34fd07a5,config,-,claude-fable-5,151908,0,0
demo-026-34fd07a5,config,-,claude-haiku-4-5,304186,0,0
demo-026-34fd07a5,config,-,claude-opus-4-8,1174598,53458,23614
demo-026-34fd07a5,config,-,claude-sonnet-4-6,414086,0,0
demo-026-34fd07a5,conversation,-,claude-fable-5,107108,3520,1630
demo-026-34fd07a5,conversation,-,claude-haiku-4-5,220484,16059,1489
demo-026-34fd07a5,conversation,-,claude-opus-4-8,426071,25945,3671
demo-026-34fd07a5,conversation,-,claude-sonnet-4-6,256638,35116,3552
demo-026-34fd07a5,file_read,Markdown,claude-fable-5,134885,5156,2659
demo-026-34fd07a5,file_read,Markdown,claude-haiku-4-5,287130,733,501
demo-026-34fd07a5,file_read,Markdown,claude-opus-4-8,677405,33115,9062
demo-026-34fd07a5,file_read,Markdown,claude-sonnet-4-6,363608,5093,1927
demo-026-34fd07a5,file_read,Python,claude-fable-5,328944,15729,6722
demo-026-34fd07a5,file_read,Python,claude-haiku-4-5,570131,2517,1722
demo-026-34fd07a5,file_read,Python,claude-opus-4-8,1264321,62929,10802
demo-026-34fd07a5,file_read,Python,claude-sonnet-4-6,719327,30321,10561
demo-026-34fd07a5,file_read,SQL,claude-fable-5,34669,4870,1383
demo-026-34fd07a5,file_read,SQL,claude-haiku-4-5,35582,554,379
demo-026-34fd07a5,file_read,SQL,claude-opus-4-8,108823,3449,1316
demo-026-34fd07a5,file_read,SQL,claude-sonnet-4-6,57233,2381,1018
demo-026-34fd07a5,tool_output,-,claude-fable-5,109667,3932,1531
demo-026-34fd07a5,tool_output,-,claude-haiku-4-5,205352,14207,1315
demo-026-34fd07a5,tool_output,-,claude-opus-4-8,477318,31727,5436
demo-026-34fd07a5,tool_output,-,claude-sonnet-4-6,255184,9999,3895
demo-027-446dc987,config,-,claude-fable-5,243603,0,0
demo-027-446dc987,config,-,claude-haiku-4-5,242328,0,0
demo-027-446dc987,config,-,claude-opus-4-8,1995284,31675,11227
demo-027-446dc987,config,-,claude-sonnet-4-6,102284,0,0
demo-027-446dc987,conversation,-,claude-fable-5,138704,37915,7783
demo-027-446dc987,conversation,-,claude-haiku-4-5,73498,1744,306
demo-027-446dc987,conversation,-,claude-opus-4-8,488117,46568,8350
demo-027-446dc987,conversation,-,claude-sonnet-4-6,46729,604,397
demo-027-446dc987,file_read,Jupyter Notebook,claude-fable-5,49383,0,0
demo-027-446dc987,file_read,Jupyter Notebook,claude-haiku-4-5,17260,2562,450
demo-027-446dc987,file_read,Jupyter Notebook,claude-opus-4-8,95946,3848,552
demo-027-446dc987,file_read,Jupyter Notebook,claude-sonnet-4-6,20735,1209,795
demo-027-446dc987,file_read,Markdown,claude-fable-5,37148,0,0
demo-027-446dc987,file_read,Markdown,claude-haiku-4-5,30646,0,0
demo-027-446dc987,file_read,Markdown,claude-opus-4-8,266874,8723,344
demo-027-446dc987,file_read,Markdown,claude-sonnet-4-6,15598,0,0
demo-027-446dc987,file_read,Python,claude-fable-5,365714,0,0
demo-027-446dc987,file_read,Python,claude-haiku-4-5,206660,10006,1756
demo-027-446dc987,file_read,Python,claude-opus-4-8,1286234,57419,6511
demo-027-446dc987,file_read,Python,claude-sonnet-4-6,153557,4152,2731
demo-027-446dc987,tool_output,-,claude-fable-5,188603,0,0
demo-027-446dc987,tool_output,-,claude-haiku-4-5,132460,7091,1245
demo-027-446dc987,tool_output,-,claude-opus-4-8,693109,61532,14251
demo-027-446dc987,tool_output,-,claude-sonnet-4-6,79192,0,0
demo-028-8b7d57ec,config,-,claude-haiku-4-5,514333,0,0
demo-028-8b7d57ec,config,-,claude-opus-4-8,525139,18237,13008
demo-028-8b7d57ec,config,-,claude-sonnet-4-6,604581,0,0
demo-028-8b7d57ec,conversation,-,claude-haiku-4-5,131303,14332,4303
demo-028-8b7d57ec,conversation,-,claude-opus-4-8,95306,22785,3824
demo-028-8b7d57ec,conversation,-,claude-sonnet-4-6,101142,5853,1413
demo-028-8b7d57ec,file_read,Markdown,claude-haiku-4-5,85274,0,0
demo-028-8b7d57ec,file_read,Markdown,claude-opus-4-8,95140,9804,3711
demo-028-8b7d57ec,file_read,Markdown,claude-sonnet-4-6,62976,0,0
demo-028-8b7d57ec,file_read,Terraform,claude-haiku-4-5,738355,20534,3249
demo-028-8b7d57ec,file_read,Terraform,claude-opus-4-8,529262,30917,12007
demo-028-8b7d57ec,file_read,Terraform,claude-sonnet-4-6,513113,42800,10794
demo-028-8b7d57ec,file_read,YAML,claude-haiku-4-5,116980,5691,478
demo-028-8b7d57ec,file_read,YAML,claude-opus-4-8,68111,1242,886
demo-028-8b7d57ec,file_read,YAML,claude-sonnet-4-6,61485,3703,967
demo-028-8b7d57ec,tool_output,-,claude-haiku-4-5,227786,23394,6351
demo-028-8b7d57ec,tool_output,-,claude-opus-4-8,118718,1232,655
demo-028-8b7d57ec,tool_output,-,claude-sonnet-4-6,161576,22044,5642
demo-029-150b4a07,config,-,claude-fable-5,307329,0,0
demo-029-150b4a07,config,-,claude-haiku-4-5,666085,0,0
demo-029-150b4a07,config,-,claude-opus-4-8,453454,34973,41573
demo-029-150b4a07,config,-,claude-sonnet-4-6,114828,0,0
demo-029-150b4a07,conversation,-,claude-fable-5,81963,3719,569
demo-029-150b4a07,conversation,-,claude-haiku-4-5,130202,9738,1256
demo-029-150b4a07,conversation,-,claude-opus-4-8,125873,7979,2232
demo-029-150b4a07,conversation,-,claude-sonnet-4-6,47872,2832,564
demo-029-150b4a07,file_read,Kotlin,claude-fable-5,283325,24846,4265
demo-029-150b4a07,file_read,Kotlin,claude-haiku-4-5,264130,28998,4463
demo-029-150b4a07,file_read,Kotlin,claude-opus-4-8,560443,14830,209
demo-029-150b4a07,file_read,Kotlin,claude-sonnet-4-6,231809,16026,3189
demo-029-150b4a07,file_read,Markdown,claude-fable-5,91205,5998,1573
demo-029-150b4a07,file_read,Markdown,claude-haiku-4-5,64966,3817,404
demo-029-150b4a07,file_read,Markdown,claude-opus-4-8,123403,2160,31
demo-029-150b4a07,file_read,Markdown,claude-sonnet-4-6,57709,5893,1172
demo-029-150b4a07,file_read,Swift,claude-fable-5,58768,0,0
demo-029-150b4a07,file_read,Swift,claude-haiku-4-5,131344,14148,1837
demo-029-150b4a07,file_read,Swift,claude-opus-4-8,64225,0,0
demo-029-150b4a07,file_read,Swift,claude-sonnet-4-6,21958,0,0
demo-029-150b4a07,tool_output,-,claude-fable-5,69302,4225,1259
demo-029-150b4a07,tool_output,-,claude-haiku-4-5,39540,3192,396
demo-029-150b4a07,tool_output,-,claude-opus-4-8,83599,29410,2494
demo-029-150b4a07,tool_output,-,claude-sonnet-4-6,25892,0,0
demo-030-bf94b5aa,config,-,claude-fable-5,144672,0,0
demo-030-bf94b5aa,config,-,claude-haiku-4-5,156506,0,0
demo-030-bf94b5aa,config,-,claude-opus-4-8,1293732,47073,25172
demo-030-bf94b5aa,conversation,-,claude-fable-5,37408,1251,1345
demo-030-bf94b5aa,conversation,-,claude-haiku-4-5,25454,2060,558
demo-030-bf94b5aa,conversation,-,claude-opus-4-8,133781,65880,8097
demo-030-bf94b5aa,file_read,CSS,claude-fable-5,18225,352,378
demo-030-bf94b5aa,file_read,CSS,claude-haiku-4-5,17003,2565,695
demo-030-bf94b5aa,file_read,CSS,claude-opus-4-8,36954,0,0
demo-030-bf94b5aa,file_read,TypeScript,claude-fable-5,61107,2775,2983
demo-030-bf94b5aa,file_read,TypeScript,claude-haiku-4-5,35315,5326,1444
demo-030-bf94b5aa,file_read,TypeScript,claude-opus-4-8,121026,12207,5877
demo-030-bf94b5aa,tool_output,-,claude-fable-5,30433,1544,1660
demo-030-bf94b5aa,tool_output,-,claude-haiku-4-5,16850,1269,344
demo-030-bf94b5aa,tool_output,-,claude-opus-4-8,110155,8109,4023
demo-031-be91e92f,config,-,claude-fable-5,491382,0,0
demo-031-be91e92f,config,-,claude-haiku-4-5,99826,0,0
demo-031-be91e92f,config,-,claude-opus-4-8,819823,0,0
demo-031-be91e92f,config,-,claude-sonnet-4-6,342972,67116,22294
demo-031-be91e92f,conversation,-,claude-fable-5,151144,18441,6363
demo-031-be91e92f,conversation,-,claude-haiku-4-5,23830,5643,1614
demo-031-be91e92f,conversation,-,claude-opus-4-8,330095,14490,1418
demo-031-be91e92f,conversation,-,claude-sonnet-4-6,48372,6305,1491
demo-031-be91e92f,file_read,Markdown,claude-fable-5,35166,5359,1744
demo-031-be91e92f,file_read,Markdown,claude-haiku-4-5,6046,3377,966
demo-031-be91e92f,file_read,Markdown,claude-opus-4-8,77512,3592,235
demo-031-be91e92f,file_read,Markdown,claude-sonnet-4-6,9173,0,0
demo-031-be91e92f,file_read,Python,claude-fable-5,516000,22684,8964
demo-031-be91e92f,file_read,Python,claude-haiku-4-5,39581,8321,2380
demo-031-be91e92f,file_read,Python,claude-opus-4-8,1016633,66305,7339
demo-031-be91e92f,file_read,Python,claude-sonnet-4-6,196058,25347,5882
demo-031-be91e92f,file_read,SQL,claude-fable-5,38960,0,0
demo-031-be91e92f,file_read,SQL,claude-opus-4-8,48982,7119,570
demo-031-be91e92f,file_read,SQL,claude-sonnet-4-6,9831,0,0
demo-031-be91e92f,tool_output,-,claude-fable-5,103990,9707,4119
demo-031-be91e92f,tool_output,-,claude-haiku-4-5,6851,0,0
demo-031-be91e92f,tool_output,-,claude-opus-4-8,176115,12198,1207
demo-031-be91e92f,tool_output,-,claude-sonnet-4-6,35469,12311,1054
demo-032-6adee58a,config,-,claude-opus-4-8,462015,0,0
demo-032-6adee58a,config,-,claude-sonnet-4-6,691588,26183,30300
demo-032-6adee58a,conversation,-,claude-haiku-4-5,35685,62679,0
demo-032-6adee58a,conversation,-,claude-opus-4-8,36564,5689,219
demo-032-6adee58a,conversation,-,claude-sonnet-4-6,726288,16520,1472
demo-032-6adee58a,file_read,Jupyter Notebook,claude-opus-4-8,75416,6719,258
demo-032-6adee58a,file_read,Jupyter Notebook,claude-sonnet-4-6,208882,9752,3279
demo-032-6adee58a,file_read,Markdown,claude-opus-4-8,43165,0,0
demo-032-6adee58a,file_read,Markdown,claude-sonnet-4-6,190248,27716,4283
demo-032-6adee58a,file_read,Python,claude-opus-4-8,166971,28711,1104
demo-032-6adee58a,file_read,Python,claude-sonnet-4-6,878907,63333,5350
demo-032-6adee58a,tool_output,-,claude-opus-4-8,7424,0,0
demo-032-6adee58a,tool_output,-,claude-sonnet-4-6,34405,9723,1342
demo-033-f8aea77f,config,-,claude-haiku-4-5,350944,0,0
demo-033-f8aea77f,config,-,claude-opus-4-8,941164,56474,9793
demo-033-f8aea77f,config,-,claude-sonnet-4-6,380257,0,0
demo-033-f8aea77f,conversation,-,claude-haiku-4-5,104199,7050,2393
demo-033-f8aea77f,conversation,-,claude-opus-4-8,140582,7292,1081
demo-033-f8aea77f,conversation,-,claude-sonnet-4-6,54759,4153,1048
demo-033-f8aea77f,file_read,Markdown,claude-haiku-4-5,212392,5411,313
demo-033-f8aea77f,file_read,Markdown,claude-opus-4-8,238916,15628,2341
demo-033-f8aea77f,file_read,Markdown,claude-sonnet-4-6,82247,15006,3602
demo-033-f8aea77f,file_read,Terraform,claude-haiku-4-5,546667,20117,1164
demo-033-f8aea77f,file_read,Terraform,claude-opus-4-8,711690,45439,8042
demo-033-f8aea77f,file_read,Terraform,claude-sonnet-4-6,269028,30443,8109
demo-033-f8aea77f,file_read,YAML,claude-haiku-4-5,101966,912,53
demo-033-f8aea77f,file_read,YAML,claude-opus-4-8,149028,8638,620
demo-033-f8aea77f,file_read,YAML,claude-sonnet-4-6,45834,4286,740
demo-033-f8aea77f,tool_output,-,claude-haiku-4-5,157382,8480,4340
demo-033-f8aea77f,tool_output,-,claude-opus-4-8,235748,13045,2899
demo-033-f8aea77f,tool_output,-,claude-sonnet-4-6,102199,6850,1633
demo-034-dc2d0ff1,config,-,claude-fable-5,155131,0,0
demo-034-dc2d0ff1,config,-,claude-opus-4-8,756747,0,0
demo-034-dc2d0ff1,config,-,claude-sonnet-4-6,238750,23014,2621
demo-034-dc2d0ff1,conversation,-,claude-fable-5,14129,800,29
demo-034-dc2d0ff1,conversation,-,claude-opus-4-8,150961,14623,3375
demo-034-dc2d0ff1,conversation,-,claude-sonnet-4-6,9721,936,107
demo-034-dc2d0ff1,file_read,Kotlin,claude-fable-5,157068,8027,291
demo-034-dc2d0ff1,file_read,Kotlin,claude-opus-4-8,944825,37515,7668
demo-034-dc2d0ff1,file_read,Kotlin,claude-sonnet-4-6,106188,10237,1166
demo-034-dc2d0ff1,file_read,Markdown,claude-fable-5,14796,1426,52
demo-034-dc2d0ff1,file_read,Markdown,claude-opus-4-8,96206,5549,890
demo-034-dc2d0ff1,file_read,Swift,claude-fable-5,5008,1005,37
demo-034-dc2d0ff1,file_read,Swift,claude-opus-4-8,21739,0,0
demo-034-dc2d0ff1,tool_output,-,claude-fable-5,33882,5437,197
demo-034-dc2d0ff1,tool_output,-,claude-opus-4-8,236279,15414,3175
demo-035-e71503f7,config,-,claude-fable-5,100817,0,0
demo-035-e71503f7,config,-,claude-opus-4-8,395658,56964,1761
demo-035-e71503f7,config,-,claude-sonnet-4-6,426974,0,0
demo-035-e71503f7,conversation,-,claude-fable-5,9499,1589,171
demo-035-e71503f7,conversation,-,claude-opus-4-8,48188,9492,1305
demo-035-e71503f7,conversation,-,claude-sonnet-4-6,66830,4116,313
demo-035-e71503f7,file_read,CSS,claude-fable-5,6427,1535,166
demo-035-e71503f7,file_read,CSS,claude-opus-4-8,39961,1848,266
demo-035-e71503f7,file_read,CSS,claude-sonnet-4-6,68024,10471,795
demo-035-e71503f7,file_read,Markdown,claude-fable-5,8156,1948,210
demo-035-e71503f7,file_read,Markdown,claude-opus-4-8,28549,0,0
demo-035-e71503f7,file_read,Markdown,claude-sonnet-4-6,34543,0,0
demo-035-e71503f7,file_read,TypeScript,claude-fable-5,61765,6651,718
demo-035-e71503f7,file_read,TypeScript,claude-opus-4-8,254707,22330,1048
demo-035-e71503f7,file_read,TypeScript,claude-sonnet-4-6,302478,10492,797
demo-035-e71503f7,tool_output,-,claude-fable-5,3475,830,90
demo-035-e71503f7,tool_output,-,claude-opus-4-8,56143,26814,4260
demo-035-e71503f7,tool_output,-,claude-sonnet-4-6,80614,7886,599
demo-036-6d823204,config,-,claude-fable-5,197818,49900,8968
demo-036-6d823204,config,-,claude-haiku-4-5,967654,0,0
demo-036-6d823204,config,-,claude-opus-4-8,1725589,0,0
demo-036-6d823204,config,-,claude-sonnet-4-6,1279543,0,0
demo-036-6d823204,conversation,-,claude-fable-5,5164,1302,234
demo-036-6d823204,conversation,-,claude-haiku-4-5,333299,14593,2622
demo-036-6d823204,conversation,-,claude-opus-4-8,359219,33133,5463
demo-036-6d823204,conversation,-,claude-sonnet-4-6,106218,16919,2421
demo-036-6d823204,file_read,Markdown,claude-fable-5,6738,1700,305
demo-036-6d823204,file_read,Markdown,claude-haiku-4-5,297600,11720,2189
demo-036-6d823204,file_read,Markdown,claude-opus-4-8,341938,6389,1311
demo-036-6d823204,file_read,Markdown,claude-sonnet-4-6,150217,2193,505
demo-036-6d823204,file_read,Python,claude-fable-5,44250,11163,2006
demo-036-6d823204,file_read,Python,claude-haiku-4-5,1814760,51127,7528
demo-036-6d823204,file_read,Python,claude-opus-4-8,2125039,54137,5228
demo-036-6d823204,file_read,Python,claude-sonnet-4-6,911677,47247,9048
demo-036-6d823204,file_read,SQL,claude-haiku-4-5,111625,6591,195
demo-036-6d823204,file_read,SQL,claude-opus-4-8,127603,1745,696
demo-036-6d823204,file_read,SQL,claude-sonnet-4-6,53197,0,0
demo-036-6d823204,tool_output,-,claude-fable-5,12810,3231,581
demo-036-6d823204,tool_output,-,claude-haiku-4-5,700217,26558,5307
demo-036-6d823204,tool_output,-,claude-opus-4-8,683977,60741,10515
demo-036-6d823204,tool_output,-,claude-sonnet-4-6,195574,39756,5318
demo-037-5fd147f9,config,-,claude-haiku-4-5,272526,0,0
demo-037-5fd147f9,config,-,claude-opus-4-8,1934315,59818,23840
demo-037-5fd147f9,config,-,claude-sonnet-4-6,265348,0,0
demo-037-5fd147f9,conversation,-,claude-haiku-4-5,92628,2185,80
demo-037-5fd147f9,conversation,-,claude-opus-4-8,350792,23116,4779
demo-037-5fd147f9,conversation,-,claude-sonnet-4-6,84530,8080,869
demo-037-5fd147f9,file_read,Jupyter Notebook,claude-haiku-4-5,104025,0,0
demo-037-5fd147f9,file_read,Jupyter Notebook,claude-opus-4-8,368752,21441,3160
demo-037-5fd147f9,file_read,Jupyter Notebook,claude-sonnet-4-6,91061,938,86
demo-037-5fd147f9,file_read,Markdown,claude-haiku-4-5,135310,0,0
demo-037-5fd147f9,file_read,Markdown,claude-opus-4-8,446222,26087,5724
demo-037-5fd147f9,file_read,Markdown,claude-sonnet-4-6,120723,20829,2154
demo-037-5fd147f9,file_read,Python,claude-haiku-4-5,417802,31962,1176
demo-037-5fd147f9,file_read,Python,claude-opus-4-8,1496578,93996,21034
demo-037-5fd147f9,file_read,Python,claude-sonnet-4-6,380066,18031,1843
demo-037-5fd147f9,tool_output,-,claude-haiku-4-5,96774,0,0
demo-037-5fd147f9,tool_output,-,claude-opus-4-8,328729,33260,4560
demo-037-5fd147f9,tool_output,-,claude-sonnet-4-6,104518,6672,717
demo-038-838e1ee4,config,-,claude-fable-5,20362,22508,24154
demo-038-838e1ee4,config,-,claude-opus-4-8,172701,0,0
demo-038-838e1ee4,config,-,claude-sonnet-4-6,376248,0,0
demo-038-838e1ee4,conversation,-,claude-fable-5,449,496,533
demo-038-838e1ee4,conversation,-,claude-opus-4-8,18437,1815,82
demo-038-838e1ee4,conversation,-,claude-sonnet-4-6,33764,3867,32
demo-038-838e1ee4,file_read,Markdown,claude-fable-5,3380,3737,4010
demo-038-838e1ee4,file_read,Markdown,claude-opus-4-8,60827,0,0
demo-038-838e1ee4,file_read,Markdown,claude-sonnet-4-6,132519,18549,154
demo-038-838e1ee4,file_read,Terraform,claude-fable-5,9096,10054,10790
demo-038-838e1ee4,file_read,Terraform,claude-opus-4-8,196915,21612,976
demo-038-838e1ee4,file_read,Terraform,claude-sonnet-4-6,352725,14625,121
demo-038-838e1ee4,tool_output,-,claude-fable-5,616,681,731
demo-038-838e1ee4,tool_output,-,claude-opus-4-8,58728,7547,341
demo-038-838e1ee4,tool_output,-,claude-sonnet-4-6,101312,11846,98
demo-039-9a1c44b7,config,-,claude-fable-5,46535,0,0
demo-039-9a1c44b7,config,-,claude-haiku-4-5,503734,0,0
demo-039-9a1c44b7,config,-,claude-opus-4-8,680925,55633,25350
demo-039-9a1c44b7,conversation,-,claude-fable-5,10932,980,318
demo-039-9a1c44b7,conversation,-,claude-haiku-4-5,79820,12753,743
demo-039-9a1c44b7,conversation,-,claude-opus-4-8,61352,7189,3562
demo-039-9a1c44b7,file_read,Kotlin,claude-fable-5,40800,8957,2909
demo-039-9a1c44b7,file_read,Kotlin,claude-haiku-4-5,115405,21625,1259
demo-039-9a1c44b7,file_read,Kotlin,claude-opus-4-8,98571,18836,3312
demo-039-9a1c44b7,file_read,Markdown,claude-fable-5,8266,3680,1196
demo-039-9a1c44b7,file_read,Swift,claude-fable-5,2286,0,0
demo-039-9a1c44b7,file_read,Swift,claude-haiku-4-5,8672,0,0
demo-039-9a1c44b7,file_read,Swift,claude-opus-4-8,10895,2790,491
demo-039-9a1c44b7,tool_output,-,claude-fable-5,20945,3475,1129
demo-039-9a1c44b7,tool_output,-,claude-haiku-4-5,93617,5041,293
demo-039-9a1c44b7,tool_output,-,claude-opus-4-8,103641,14638,4855
demo-040-a17d2749,config,-,claude-fable-5,99077,42406,5021
demo-040-a17d2749,config,-,claude-opus-4-8,243679,0,0
demo-040-a17d2749,config,-,claude-sonnet-4-6,373908,0,0
demo-040-a17d2749,conversation,-,claude-fable-5,5274,2257,267
demo-040-a17d2749,conversation,-,claude-opus-4-8,38610,6632,31
demo-040-a17d2749,conversation,-,claude-sonnet-4-6,44273,8154,859
demo-040-a17d2749,file_read,CSS,claude-opus-4-8,16173,0,0
demo-040-a17d2749,file_read,CSS,claude-sonnet-4-6,24817,8303,874
demo-040-a17d2749,file_read,Markdown,claude-fable-5,6178,2644,313
demo-040-a17d2749,file_read,Markdown,claude-opus-4-8,24317,6202,29
demo-040-a17d2749,file_read,Markdown,claude-sonnet-4-6,23314,0,0
demo-040-a17d2749,file_read,TypeScript,claude-fable-5,22940,9819,1162
demo-040-a17d2749,file_read,TypeScript,claude-opus-4-8,126197,10882,51
demo-040-a17d2749,file_read,TypeScript,claude-sonnet-4-6,169077,27604,2907
demo-040-a17d2749,tool_output,-,claude-fable-5,4494,1923,228
demo-040-a17d2749,tool_output,-,claude-opus-4-8,31052,6668,32
demo-040-a17d2749,tool_output,-,claude-sonnet-4-6,32596,5232,551
demo-041-5404f6ff,config,-,claude-fable-5,571233,0,0
demo-041-5404f6ff,config,-,claude-haiku-4-5,1029846,0,0
demo-041-5404f6ff,config,-,claude-opus-4-8,1195047,81156,10517
demo-041-5404f6ff,config,-,claude-sonnet-4-6,387432,0,0
demo-041-5404f6ff,conversation,-,claude-fable-5,333515,13773,1519
demo-041-5404f6ff,conversation,-,claude-haiku-4-5,563921,20207,5696
demo-041-5404f6ff,conversation,-,claude-opus-4-8,433164,45788,4375
demo-041-5404f6ff,conversation,-,claude-sonnet-4-6,145300,15938,2094
demo-041-5404f6ff,file_read,Markdown,claude-fable-5,150069,0,0
demo-041-5404f6ff,file_read,Markdown,claude-haiku-4-5,292752,6721,2807
demo-041-5404f6ff,file_read,Markdown,claude-opus-4-8,215057,6296,966
demo-041-5404f6ff,file_read,Markdown,claude-sonnet-4-6,80672,6380,1286
demo-041-5404f6ff,file_read,Python,claude-fable-5,892043,36288,8304
demo-041-5404f6ff,file_read,Python,claude-haiku-4-5,1391487,39751,10943
demo-041-5404f6ff,file_read,Python,claude-opus-4-8,1093028,43827,5603
demo-041-5404f6ff,file_read,Python,claude-sonnet-4-6,279700,6141,1238
demo-041-5404f6ff,file_read,SQL,claude-fable-5,93349,843,265
demo-041-5404f6ff,file_read,SQL,claude-haiku-4-5,197680,16073,2242
demo-041-5404f6ff,file_read,SQL,claude-opus-4-8,131343,0,0
demo-041-5404f6ff,file_read,SQL,claude-sonnet-4-6,30635,6216,1253
demo-041-5404f6ff,tool_output,-,claude-fable-5,268239,19062,1773
demo-041-5404f6ff,tool_output,-,claude-haiku-4-5,502184,12200,6366
demo-041-5404f6ff,tool_output,-,claude-opus-4-8,366690,39170,3583
demo-041-5404f6ff,tool_output,-,claude-sonnet-4-6,96200,16172,2050
demo-042-854ce295,config,-,claude-fable-5,616101,61807,3320
demo-042-854ce295,config,-,claude-opus-4-8,400619,0,0
demo-042-854ce295,conversation,-,claude-fable-5,61257,4547,465
demo-042-854ce295,conversation,-,claude-opus-4-8,82552,5023,683
demo-042-854ce295,file_read,Jupyter Notebook,claude-fable-5,16135,1771,502
demo-042-854ce295,file_read,Jupyter Notebook,claude-opus-4-8,32102,2418,143
demo-042-854ce295,file_read,Markdown,claude-fable-5,47387,0,0
demo-042-854ce295,file_read,Markdown,claude-opus-4-8,93949,7031,1506
demo-042-854ce295,file_read,Python,claude-fable-5,619771,53306,7651
demo-042-854ce295,file_read,Python,claude-opus-4-8,723692,33567,4429
demo-042-854ce295,tool_output,-,claude-fable-5,62982,5015,967
demo-042-854ce295,tool_output,-,claude-opus-4-8,101710,6869,765
demo-043-0defbc1a,config,-,claude-fable-5,508491,50816,9996
demo-043-0defbc1a,config,-,claude-haiku-4-5,522283,0,0
demo-043-0defbc1a,config,-,claude-opus-4-8,402705,0,0
demo-043-0defbc1a,config,-,claude-sonnet-4-6,293757,0,0
demo-043-0defbc1a,conversation,-,claude-fable-5,146931,7470,1364
demo-043-0defbc1a,conversation,-,claude-haiku-4-5,269218,14133,2654
demo-043-0defbc1a,conversation,-,claude-opus-4-8,95146,5928,1206
demo-043-0defbc1a,conversation,-,claude-sonnet-4-6,107385,3263,46
demo-043-0defbc1a,file_read,Markdown,claude-fable-5,114883,4615,673
demo-043-0defbc1a,file_read,Markdown,claude-haiku-4-5,210064,16039,1541
demo-043-0defbc1a,file_read,Markdown,claude-sonnet-4-6,43308,0,0
demo-043-0defbc1a,file_read,Terraform,claude-fable-5,393203,18983,2768
demo-043-0defbc1a,file_read,Terraform,claude-haiku-4-5,714633,25100,2676
demo-043-0defbc1a,file_read,Terraform,claude-opus-4-8,191070,21610,4397
demo-043-0defbc1a,file_read,Terraform,claude-sonnet-4-6,316105,31849,452
demo-043-0defbc1a,file_read,YAML,claude-fable-5,60036,0,0
demo-043-0defbc1a,file_read,YAML,claude-haiku-4-5,123697,11239,1087
demo-043-0defbc1a,tool_output,-,claude-fable-5,84807,1671,243
demo-043-0defbc1a,tool_output,-,claude-haiku-4-5,216106,16770,4922
demo-043-0defbc1a,tool_output,-,claude-opus-4-8,85899,9714,1977
demo-043-0defbc1a,tool_output,-,claude-sonnet-4-6,112207,3971,56
demo-044-fcca5162,config,-,claude-fable-5,291961,35297,8747
demo-044-fcca5162,config,-,claude-opus-4-8,361823,0,0
demo-044-fcca5162,conversation,-,claude-fable-5,19746,2387,592
demo-044-fcca5162,conversation,-,claude-opus-4-8,47927,4209,585
demo-044-fcca5162,file_read,Kotlin,claude-fable-5,85358,10320,2557
demo-044-fcca5162,file_read,Kotlin,claude-opus-4-8,186472,13774,1654
demo-044-fcca5162,file_read,Markdown,claude-opus-4-8,74839,13745,2031
demo-044-fcca5162,tool_output,-,claude-fable-5,8675,1049,260
demo-044-fcca5162,tool_output,-,claude-opus-4-8,102339,16585,2366
demo-045-66a1a317,config,-,claude-fable-5,229141,55826,16431
demo-045-66a1a317,config,-,claude-haiku-4-5,502005,0,0
demo-045-66a1a317,config,-,claude-sonnet-4-6,293143,0,0
demo-045-66a1a317,conversation,-,claude-fable-5,12592,3068,903
demo-045-66a1a317,conversation,-,claude-haiku-4-5,70404,15338,2941
demo-045-66a1a317,conversation,-,claude-sonnet-4-6,39156,1329,205
demo-045-66a1a317,file_read,CSS,claude-haiku-4-5,24131,3711,1761
demo-045-66a1a317,file_read,Markdown,claude-haiku-4-5,5556,0,0
demo-045-66a1a317,file_read,Markdown,claude-sonnet-4-6,7892,1167,180
demo-045-66a1a317,file_read,TypeScript,claude-haiku-4-5,136774,8128,3857
demo-045-66a1a317,file_read,TypeScript,claude-sonnet-4-6,119225,17618,2714
demo-045-66a1a317,tool_output,-,claude-haiku-4-5,31469,11034,2328
demo-045-66a1a317,tool_output,-,claude-sonnet-4-6,12459,449,69
demo-046-6994d0af,config,-,claude-opus-4-8,934554,0,0
demo-046-6994d0af,config,-,claude-sonnet-4-6,23153,32471,21808
demo-046-6994d0af,conversation,-,claude-opus-4-8,127130,14198,2399
demo-046-6994d0af,conversation,-,claude-sonnet-4-6,987,1384,930
demo-046-6994d0af,file_read,Python,claude-opus-4-8,988604,37183,6860
demo-046-6994d0af,file_read,Python,claude-sonnet-4-6,16214,22740,15272
demo-046-6994d0af,tool_output,-,claude-opus-4-8,318572,41926,7334
demo-046-6994d0af,tool_output,-,claude-sonnet-4-6,366,514,345
demo-047-384829d9,config,-,claude-fable-5,373862,0,0
demo-047-384829d9,config,-,claude-haiku-4-5,551293,0,0
demo-047-384829d9,config,-,claude-opus-4-8,1826789,70272,34360
demo-047-384829d9,config,-,claude-sonnet-4-6,1379455,0,0
demo-047-384829d9,conversation,-,claude-fable-5,221964,11130,532
demo-047-384829d9,conversation,-,claude-haiku-4-5,420115,17445,2984
demo-047-384829d9,conversation,-,claude-opus-4-8,908394,42495,11043
demo-047-384829d9,conversation,-,claude-sonnet-4-6,711103,25222,5307
demo-047-384829d9,file_read,Jupyter Notebook,claude-fable-5,46291,0,0
demo-047-384829d9,file_read,Jupyter Notebook,claude-haiku-4-5,115758,1028,603
demo-047-384829d9,file_read,Jupyter Notebook,claude-opus-4-8,235181,7050,1079
demo-047-384829d9,file_read,Jupyter Notebook,claude-sonnet-4-6,195213,6029,1063
demo-047-384829d9,file_read,Markdown,claude-fable-5,240565,392,371
demo-047-384829d9,file_read,Markdown,claude-haiku-4-5,481274,20701,1143
demo-047-384829d9,file_read,Markdown,claude-opus-4-8,878723,16835,2978
demo-047-384829d9,file_read,Markdown,claude-sonnet-4-6,850922,28157,3405
demo-047-384829d9,file_read,Python,claude-fable-5,1031500,24494,4299
demo-047-384829d9,file_read,Python,claude-haiku-4-5,1906650,41475,7094
demo-047-384829d9,file_read,Python,claude-opus-4-8,3865865,119287,17747
demo-047-384829d9,file_read,Python,claude-sonnet-4-6,3273568,127469,20606
demo-047-384829d9,tool_output,-,claude-fable-5,379468,11761,974
demo-047-384829d9,tool_output,-,claude-haiku-4-5,674481,25674,8264
demo-047-384829d9,tool_output,-,claude-opus-4-8,1406230,33243,9883
demo-047-384829d9,tool_output,-,claude-sonnet-4-6,1184274,41891,7676
demo-048-b3e19be6,config,-,claude-fable-5,157557,0,0
demo-048-b3e19be6,config,-,claude-haiku-4-5,257853,0,0
demo-048-b3e19be6,config,-,claude-opus-4-8,706198,51265,9403
demo-048-b3e19be6,config,-,claude-sonnet-4-6,57750,0,0
demo-048-b3e19be6,conversation,-,claude-fable-5,177029,9385,7712
demo-048-b3e19be6,conversation,-,claude-haiku-4-5,322271,5475,480
demo-048-b3e19be6,conversation,-,claude-opus-4-8,1674618,19620,3207
demo-048-b3e19be6,conversation,-,claude-sonnet-4-6,53752,4804,2176
demo-048-b3e19be6,file_read,Markdown,claude-fable-5,18181,0,0
demo-048-b3e19be6,file_read,Markdown,claude-haiku-4-5,29754,6905,829
demo-048-b3e19be6,file_read,Markdown,claude-opus-4-8,40883,0,0
demo-048-b3e19be6,file_read,Terraform,claude-fable-5,100808,0,0
demo-048-b3e19be6,file_read,Terraform,claude-haiku-4-5,346282,30783,2550
demo-048-b3e19be6,file_read,Terraform,claude-opus-4-8,655444,64668,16790
demo-048-b3e19be6,file_read,Terraform,claude-sonnet-4-6,21735,0,0
demo-048-b3e19be6,file_read,YAML,claude-fable-5,31011,0,0
demo-048-b3e19be6,file_read,YAML,claude-haiku-4-5,50752,0,0
demo-048-b3e19be6,file_read,YAML,claude-opus-4-8,156070,15085,3812
demo-048-b3e19be6,file_read,YAML,claude-sonnet-4-6,11366,0,0
demo-048-b3e19be6,tool_output,-,claude-fable-5,84989,0,0
demo-048-b3e19be6,tool_output,-,claude-haiku-4-5,167000,1945,85
demo-048-b3e19be6,tool_output,-,claude-opus-4-8,375639,36844,3554
demo-048-b3e19be6,tool_output,-,claude-sonnet-4-6,19877,12280,5563
demo-049-b2e88d4b,config,-,claude-haiku-4-5,57304,0,0
demo-049-b2e88d4b,config,-,claude-opus-4-8,28736,43022,5671
demo-049-b2e88d4b,config,-,claude-sonnet-4-6,537404,0,0
demo-049-b2e88d4b,conversation,-,claude-haiku-4-5,4789,1923,67
demo-049-b2e88d4b,conversation,-,claude-opus-4-8,9472,4981,2215
demo-049-b2e88d4b,conversation,-,claude-sonnet-4-6,139744,7028,466
demo-049-b2e88d4b,file_read,Kotlin,claude-haiku-4-5,13910,0,0
demo-049-b2e88d4b,file_read,Kotlin,claude-opus-4-8,37734,10443,1377
demo-049-b2e88d4b,file_read,Kotlin,claude-sonnet-4-6,580327,38579,2300
demo-049-b2e88d4b,file_read,Markdown,claude-haiku-4-5,5090,0,0
demo-049-b2e88d4b,file_read,Markdown,claude-opus-4-8,8174,3821,504
demo-049-b2e88d4b,file_read,Markdown,claude-sonnet-4-6,123885,7956,397
demo-049-b2e88d4b,file_read,Swift,claude-haiku-4-5,7598,0,0
demo-049-b2e88d4b,file_read,Swift,claude-opus-4-8,3810,5704,752
demo-049-b2e88d4b,file_read,Swift,claude-sonnet-4-6,71254,0,0
demo-049-b2e88d4b,tool_output,-,claude-haiku-4-5,16409,5926,207
demo-049-b2e88d4b,tool_output,-,claude-opus-4-8,11096,9603,2883
demo-049-b2e88d4b,tool_output,-,claude-sonnet-4-6,184437,2568,15
demo-050-58ef0b37,config,-,claude-opus-4-8,526050,65591,29919
demo-050-58ef0b37,config,-,claude-sonnet-4-6,397723,0,0
demo-050-58ef0b37,conversation,-,claude-opus-4-8,42509,10930,2992
demo-050-58ef0b37,conversation,-,claude-sonnet-4-6,71787,6227,229
demo-050-58ef0b37,file_read,CSS,claude-opus-4-8,80686,10060,4589
demo-050-58ef0b37,file_read,CSS,claude-sonnet-4-6,61004,0,0
demo-050-58ef0b37,file_read,Markdown,claude-opus-4-8,91682,19766,6063
demo-050-58ef0b37,file_read,Markdown,claude-sonnet-4-6,107177,4106,151
demo-050-58ef0b37,file_read,TypeScript,claude-opus-4-8,73144,17000,4963
demo-050-58ef0b37,file_read,TypeScript,claude-sonnet-4-6,248270,42444,1560
demo-050-58ef0b37,tool_output,-,claude-sonnet-4-6,14599,3584,131
demo-051-ecba3aff,config,-,claude-fable-5,275492,0,0
demo-051-ecba3aff,config,-,claude-haiku-4-5,565872,0,0
demo-051-ecba3aff,config,-,claude-opus-4-8,1396936,55725,2398
demo-051-ecba3aff,config,-,claude-sonnet-4-6,680575,0,0
demo-051-ecba3aff,conversation,-,claude-fable-5,269349,4835,822
demo-051-ecba3aff,conversation,-,claude-haiku-4-5,456063,21403,6828
demo-051-ecba3aff,conversation,-,claude-opus-4-8,589428,30717,8242
demo-051-ecba3aff,conversation,-,claude-sonnet-4-6,503336,20084,1499
demo-051-ecba3aff,file_read,Markdown,claude-fable-5,205398,11886,2276
demo-051-ecba3aff,file_read,Markdown,claude-haiku-4-5,306428,7948,1747
demo-051-ecba3aff,file_read,Markdown,claude-opus-4-8,458560,17211,2882
demo-051-ecba3aff,file_read,Markdown,claude-sonnet-4-6,370600,7982,3053
demo-051-ecba3aff,file_read,Python,claude-fable-5,1270203,29190,5108
demo-051-ecba3aff,file_read,Python,claude-haiku-4-5,2063371,111018,32437
demo-051-ecba3aff,file_read,Python,claude-opus-4-8,3100763,106958,18500
demo-051-ecba3aff,file_read,Python,claude-sonnet-4-6,2219312,55382,7686
demo-051-ecba3aff,file_read,SQL,claude-fable-5,165722,5187,765
demo-051-ecba3aff,file_read,SQL,claude-haiku-4-5,261819,2716,803
demo-051-ecba3aff,file_read,SQL,claude-opus-4-8,292414,7354,2110
demo-051-ecba3aff,file_read,SQL,claude-sonnet-4-6,394934,31410,5110
demo-051-ecba3aff,tool_output,-,claude-fable-5,343040,5503,811
demo-051-ecba3aff,tool_output,-,claude-haiku-4-5,542430,19162,5978
demo-051-ecba3aff,tool_output,-,claude-opus-4-8,714320,36606,9888
demo-051-ecba3aff,tool_output,-,claude-sonnet-4-6,597656,25794,2421
demo-052-3ae50165,config,-,claude-fable-5,36580,23368,5576
demo-052-3ae50165,config,-,claude-haiku-4-5,277416,0,0
demo-052-3ae50165,config,-,claude-opus-4-8,1027455,0,0
demo-052-3ae50165,config,-,claude-sonnet-4-6,72064,0,0
demo-052-3ae50165,conversation,-,claude-fable-5,10433,1429,107
demo-052-3ae50165,conversation,-,claude-haiku-4-5,52897,10992,3778
demo-052-3ae50165,conversation,-,claude-opus-4-8,180265,16036,2962
demo-052-3ae50165,conversation,-,claude-sonnet-4-6,18194,616,1496
demo-052-3ae50165,file_read,Jupyter Notebook,claude-fable-5,8610,3270,33
demo-052-3ae50165,file_read,Jupyter Notebook,claude-haiku-4-5,30682,6217,351
demo-052-3ae50165,file_read,Jupyter Notebook,claude-opus-4-8,85920,14809,1707
demo-052-3ae50165,file_read,Jupyter Notebook,claude-sonnet-4-6,7970,0,0
demo-052-3ae50165,file_read,Markdown,claude-fable-5,10477,5830,509
demo-052-3ae50165,file_read,Markdown,claude-haiku-4-5,48597,0,0
demo-052-3ae50165,file_read,Markdown,claude-opus-4-8,185807,10978,545
demo-052-3ae50165,file_read,Markdown,claude-sonnet-4-6,12624,0,0
demo-052-3ae50165,file_read,Python,claude-fable-5,44416,9668,1173
demo-052-3ae50165,file_read,Python,claude-haiku-4-5,299788,26067,1474
demo-052-3ae50165,file_read,Python,claude-opus-4-8,936221,50604,9766
demo-052-3ae50165,file_read,Python,claude-sonnet-4-6,81358,2248,5464
demo-052-3ae50165,tool_output,-,claude-fable-5,19995,5402,500
demo-052-3ae50165,tool_output,-,claude-haiku-4-5,75241,33195,10589
demo-052-3ae50165,tool_output,-,claude-opus-4-8,262339,19636,1301
demo-052-3ae50165,tool_output,-,claude-sonnet-4-6,29352,0,0
demo-053-1e662cf7,config,-,claude-fable-5,171144,0,0
demo-053-1e662cf7,config,-,claude-haiku-4-5,107391,0,0
demo-053-1e662cf7,config,-,claude-opus-4-8,820368,66777,5147
demo-053-1e662cf7,config,-,claude-sonnet-4-6,1221058,0,0
demo-053-1e662cf7,conversation,-,claude-fable-5,66024,4350,974
demo-053-1e662cf7,conversation,-,claude-haiku-4-5,65287,2209,832
demo-053-1e662cf7,conversation,-,claude-opus-4-8,248064,15505,2230
demo-053-1e662cf7,conversation,-,claude-sonnet-4-6,282908,16856,2135
demo-053-1e662cf7,file_read,Markdown,claude-fable-5,75951,4067,1067
demo-053-1e662cf7,file_read,Markdown,claude-haiku-4-5,58877,0,0
demo-053-1e662cf7,file_read,Markdown,claude-opus-4-8,347013,21265,2121
demo-053-1e662cf7,file_read,Markdown,claude-sonnet-4-6,364993,7209,426
demo-053-1e662cf7,file_read,Terraform,claude-fable-5,241768,10681,2213
demo-053-1e662cf7,file_read,Terraform,claude-haiku-4-5,278353,8998,4513
demo-053-1e662cf7,file_read,Terraform,claude-opus-4-8,810172,63909,9103
demo-053-1e662cf7,file_read,Terraform,claude-sonnet-4-6,1092254,68711,9813
demo-053-1e662cf7,file_read,YAML,claude-fable-5,24545,2713,464
demo-053-1e662cf7,file_read,YAML,claude-haiku-4-5,34771,5321,1761
demo-053-1e662cf7,file_read,YAML,claude-sonnet-4-6,29785,3029,591
demo-053-1e662cf7,tool_output,-,claude-fable-5,64450,7943,1870
demo-053-1e662cf7,tool_output,-,claude-haiku-4-5,66473,1186,620
demo-053-1e662cf7,tool_output,-,claude-opus-4-8,182879,10205,1150
demo-053-1e662cf7,tool_output,-,claude-sonnet-4-6,216882,16596,2540
demo-054-64f3d835,config,-,claude-fable-5,81152,60144,18766
demo-054-64f3d835,config,-,claude-haiku-4-5,608401,0,0
demo-054-64f3d835,config,-,claude-opus-4-8,623958,0,0
demo-054-64f3d835,config,-,claude-sonnet-4-6,151130,0,0
demo-054-64f3d835,conversation,-,claude-fable-5,2345,1739,542
demo-054-64f3d835,conversation,-,claude-haiku-4-5,77288,6686,1426
demo-054-64f3d835,conversation,-,claude-opus-4-8,149633,11358,1974
demo-054-64f3d835,conversation,-,claude-sonnet-4-6,20481,12078,4871
demo-054-64f3d835,file_read,Kotlin,claude-fable-5,23947,17747,5537
demo-054-64f3d835,file_read,Kotlin,claude-haiku-4-5,499726,37756,7925
demo-054-64f3d835,file_read,Kotlin,claude-opus-4-8,746605,19644,3722
demo-054-64f3d835,file_read,Kotlin,claude-sonnet-4-6,110524,0,0
demo-054-64f3d835,file_read,Markdown,claude-haiku-4-5,78555,9205,1062
demo-054-64f3d835,file_read,Markdown,claude-opus-4-8,80566,0,0
demo-054-64f3d835,file_read,Markdown,claude-sonnet-4-6,19514,0,0
demo-054-64f3d835,tool_output,-,claude-haiku-4-5,54807,6256,1606
demo-054-64f3d835,tool_output,-,claude-opus-4-8,146314,23899,4085
demo-054-64f3d835,tool_output,-,claude-sonnet-4-6,11514,4662,1881
demo-055-7446d42d,config,-,claude-haiku-4-5,246182,0,0
demo-055-7446d42d,config,-,claude-opus-4-8,1157456,46240,26371
demo-055-7446d42d,config,-,claude-sonnet-4-6,417936,0,0
demo-055-7446d42d,conversation,-,claude-haiku-4-5,84716,26070,3171
demo-055-7446d42d,conversation,-,claude-opus-4-8,233307,18274,2645
demo-055-7446d42d,conversation,-,claude-sonnet-4-6,72634,33941,7321
demo-055-7446d42d,file_read,CSS,claude-haiku-4-5,32481,0,0
demo-055-7446d42d,file_read,CSS,claude-opus-4-8,125923,5105,331
demo-055-7446d42d,file_read,CSS,claude-sonnet-4-6,55142,0,0
demo-055-7446d42d,file_read,Markdown,claude-haiku-4-5,65388,0,0
demo-055-7446d42d,file_read,Markdown,claude-opus-4-8,190139,10787,4014
demo-055-7446d42d,file_read,Markdown,claude-sonnet-4-6,56502,0,0
demo-055-7446d42d,file_read,TypeScript,claude-haiku-4-5,84820,0,0
demo-055-7446d42d,file_read,TypeScript,claude-opus-4-8,253159,13668,3845
demo-055-7446d42d,file_read,TypeScript,claude-sonnet-4-6,84044,0,0
demo-055-7446d42d,tool_output,-,claude-haiku-4-5,75249,0,0
demo-055-7446d42d,tool_output,-,claude-opus-4-8,306364,24490,5264
demo-055-7446d42d,tool_output,-,claude-sonnet-4-6,92240,0,0
demo-056-50481bee,config,-,claude-opus-4-8,991071,62590,34692
demo-056-50481bee,config,-,claude-sonnet-4-6,103532,0,0
demo-056-50481bee,conversation,-,claude-opus-4-8,42847,3702,1571
demo-056-50481bee,conversation,-,claude-sonnet-4-6,7534,2764,906
demo-056-50481bee,file_read,Markdown,claude-opus-4-8,13953,3725,692
demo-056-50481bee,file_read,Markdown,claude-sonnet-4-6,4102,0,0
demo-056-50481bee,file_read,Python,claude-opus-4-8,81254,21684,4027
demo-056-50481bee,file_read,Python,claude-sonnet-4-6,23886,0,0
demo-056-50481bee,tool_output,-,claude-opus-4-8,100503,6346,3518
demo-056-50481bee,tool_output,-,claude-sonnet-4-6,19035,11064,3627
demo-057-cba49dce,config,-,claude-fable-5,117185,0,0
demo-057-cba49dce,config,-,claude-haiku-4-5,299655,0,0
demo-057-cba49dce,config,-,claude-opus-4-8,691899,0,0
demo-057-cba49dce,config,-,claude-sonnet-4-6,60483,57965,11709
demo-057-cba49dce,conversation,-,claude-fable-5,9912,6825,1878
demo-057-cba49dce,conversation,-,claude-haiku-4-5,61932,7007,65
demo-057-cba49dce,conversation,-,claude-opus-4-8,130047,8803,1886
demo-057-cba49dce,conversation,-,claude-sonnet-4-6,2980,2856,577
demo-057-cba49dce,file_read,Jupyter Notebook,claude-opus-4-8,3524,1253,298
demo-057-cba49dce,file_read,Markdown,claude-haiku-4-5,19823,10953,102
demo-057-cba49dce,file_read,Markdown,claude-opus-4-8,18409,0,0
demo-057-cba49dce,file_read,Python,claude-fable-5,18290,0,0
demo-057-cba49dce,file_read,Python,claude-haiku-4-5,131551,11315,106
demo-057-cba49dce,file_read,Python,claude-opus-4-8,332853,39736,8884
demo-057-cba49dce,file_read,Python,claude-sonnet-4-6,9440,9047,1827
demo-057-cba49dce,tool_output,-,claude-fable-5,13669,16251,4473
demo-057-cba49dce,tool_output,-,claude-haiku-4-5,58890,4884,46
demo-057-cba49dce,tool_output,-,claude-opus-4-8,146679,12684,2883
demo-057-cba49dce,tool_output,-,claude-sonnet-4-6,1968,1887,381
demo-058-72dc9829,config,-,claude-fable-5,195159,0,0
demo-058-72dc9829,config,-,claude-haiku-4-5,390538,0,0
demo-058-72dc9829,config,-,claude-opus-4-8,506207,24740,25102
demo-058-72dc9829,config,-,claude-sonnet-4-6,372521,0,0
demo-058-72dc9829,conversation,-,claude-fable-5,97451,6336,666
demo-058-72dc9829,conversation,-,claude-haiku-4-5,172881,13208,5219
demo-058-72dc9829,conversation,-,claude-opus-4-8,54820,9336,1091
demo-058-72dc9829,conversation,-,claude-sonnet-4-6,185624,9445,1195
demo-058-72dc9829,file_read,Markdown,claude-fable-5,135777,12709,1335
demo-058-72dc9829,file_read,Markdown,claude-haiku-4-5,229568,8917,1415
demo-058-72dc9829,file_read,Markdown,claude-opus-4-8,104232,8984,5811
demo-058-72dc9829,file_read,Markdown,claude-sonnet-4-6,221726,0,0
demo-058-72dc9829,file_read,Terraform,claude-fable-5,623084,36410,3826
demo-058-72dc9829,file_read,Terraform,claude-haiku-4-5,1079060,59871,5499
demo-058-72dc9829,file_read,Terraform,claude-opus-4-8,334655,40129,11872
demo-058-72dc9829,file_read,Terraform,claude-sonnet-4-6,1137795,58948,8102
demo-058-72dc9829,file_read,YAML,claude-fable-5,10937,0,0
demo-058-72dc9829,file_read,YAML,claude-haiku-4-5,29816,4005,97
demo-058-72dc9829,file_read,YAML,claude-sonnet-4-6,37006,6974,675
demo-058-72dc9829,tool_output,-,claude-fable-5,184084,0,0
demo-058-72dc9829,tool_output,-,claude-haiku-4-5,384266,23984,4674
demo-058-72dc9829,tool_output,-,claude-opus-4-8,138636,15199,3903
demo-058-72dc9829,tool_output,-,claude-sonnet-4-6,392717,22649,3141
demo-059-6ef2d936,config,-,claude-fable-5,463159,0,0
demo-059-6ef2d936,config,-,claude-haiku-4-5,131500,0,0
demo-059-6ef2d936,config,-,claude-opus-4-8,1069916,32814,15178
demo-059-6ef2d936,config,-,claude-sonnet-4-6,351895,0,0
demo-059-6ef2d936,conversation,-,claude-fable-5,79015,7271,73
demo-059-6ef2d936,conversation,-,claude-haiku-4-5,39227,5029,151
demo-059-6ef2d936,conversation,-,claude-opus-4-8,257345,41762,4997
demo-059-6ef2d936,conversation,-,claude-sonnet-4-6,94017,5039,2751
demo-059-6ef2d936,file_read,Kotlin,claude-fable-5,31934,9506,96
demo-059-6ef2d936,file_read,Kotlin,claude-haiku-4-5,54715,10056,301
demo-059-6ef2d936,file_read,Kotlin,claude-opus-4-8,418522,43205,7346
demo-059-6ef2d936,file_read,Kotlin,claude-sonnet-4-6,133326,5660,832
demo-059-6ef2d936,file_read,Markdown,claude-haiku-4-5,12751,0,0
demo-059-6ef2d936,file_read,Markdown,claude-opus-4-8,99890,5668,934
demo-059-6ef2d936,file_read,Markdown,claude-sonnet-4-6,43643,3978,584
demo-059-6ef2d936,tool_output,-,claude-fable-5,86660,8756,88
demo-059-6ef2d936,tool_output,-,claude-haiku-4-5,67736,18197,546
demo-059-6ef2d936,tool_output,-,claude-opus-4-8,382034,14259,3605
demo-059-6ef2d936,tool_output,-,claude-sonnet-4-6,158378,13597,6132
demo-060-13bc9eb3,config,-,claude-haiku-4-5,540791,0,0
demo-060-13bc9eb3,config,-,claude-opus-4-8,1042694,30158,21936
demo-060-13bc9eb3,config,-,claude-sonnet-4-6,71493,0,0
demo-060-13bc9eb3,conversation,-,claude-haiku-4-5,361080,29378,3789
demo-060-13bc9eb3,conversation,-,claude-opus-4-8,180070,25170,4414
demo-060-13bc9eb3,conversation,-,claude-sonnet-4-6,48199,642,277
demo-060-13bc9eb3,file_read,CSS,claude-haiku-4-5,103452,2865,253
demo-060-13bc9eb3,file_read,CSS,claude-opus-4-8,87632,5254,1467
demo-060-13bc9eb3,file_read,CSS,claude-sonnet-4-6,11767,0,0
demo-060-13bc9eb3,file_read,Markdown,claude-haiku-4-5,591076,19693,6863
demo-060-13bc9eb3,file_read,Markdown,claude-opus-4-8,224754,13681,3295
demo-060-13bc9eb3,file_read,Markdown,claude-sonnet-4-6,90940,3001,1295
demo-060-13bc9eb3,file_read,TypeScript,claude-haiku-4-5,1859396,64792,16561
demo-060-13bc9eb3,file_read,TypeScript,claude-opus-4-8,907619,64639,17061
demo-060-13bc9eb3,file_read,TypeScript,claude-sonnet-4-6,264868,8680,3746
demo-060-13bc9eb3,tool_output,-,claude-haiku-4-5,501793,16261,3681
demo-060-13bc9eb3,tool_output,-,claude-opus-4-8,321218,36172,6694
demo-060-13bc9eb3,tool_output,-,claude-sonnet-4-6,65451,0,0
demo-061-0677b40c,config,-,claude-haiku-4-5,936329,0,0
demo-061-0677b40c,config,-,claude-sonnet-4-6,1698610,41983,3571
demo-061-0677b40c,conversation,-,claude-haiku-4-5,52942,9053,1688
demo-061-0677b40c,conversation,-,claude-sonnet-4-6,116773,5602,520
demo-061-0677b40c,file_read,Markdown,claude-haiku-4-5,34405,18199,5063
demo-061-0677b40c,file_read,Markdown,claude-sonnet-4-6,162482,9887,2281
demo-061-0677b40c,file_read,Python,claude-haiku-4-5,137316,6312,1756
demo-061-0677b40c,file_read,Python,claude-sonnet-4-6,431941,31871,2695
demo-061-0677b40c,tool_output,-,claude-haiku-4-5,148849,25708,2795
demo-061-0677b40c,tool_output,-,claude-sonnet-4-6,333222,20520,2795
demo-062-1a26be3b,config,-,claude-haiku-4-5,1193977,0,0
demo-062-1a26be3b,config,-,claude-opus-4-8,1129328,55538,14346
demo-062-1a26be3b,config,-,claude-sonnet-4-6,68199,0,0
demo-062-1a26be3b,conversation,-,claude-haiku-4-5,297537,48871,6160
demo-062-1a26be3b,conversation,-,claude-opus-4-8,440164,20342,3062
demo-062-1a26be3b,conversation,-,claude-sonnet-4-6,14089,1255,633
demo-062-1a26be3b,file_read,Jupyter Notebook,claude-haiku-4-5,37782,13593,214
demo-062-1a26be3b,file_read,Jupyter Notebook,claude-opus-4-8,94883,20851,1899
demo-062-1a26be3b,file_read,Markdown,claude-haiku-4-5,159493,9247,1293
demo-062-1a26be3b,file_read,Markdown,claude-opus-4-8,309901,17446,2241
demo-062-1a26be3b,file_read,Markdown,claude-sonnet-4-6,5829,0,0
demo-062-1a26be3b,file_read,Python,claude-haiku-4-5,1312575,43860,4909
demo-062-1a26be3b,file_read,Python,claude-opus-4-8,1943512,90921,11288
demo-062-1a26be3b,file_read,Python,claude-sonnet-4-6,67545,9639,4863
demo-062-1a26be3b,tool_output,-,claude-haiku-4-5,474436,30783,4736
demo-062-1a26be3b,tool_output,-,claude-opus-4-8,557841,9456,2291
demo-062-1a26be3b,tool_output,-,claude-sonnet-4-6,19534,0,0
demo-063-2a07a210,config,-,claude-opus-4-8,508660,55917,32241
demo-063-2a07a210,conversation,-,claude-opus-4-8,15798,1738,1001
demo-063-2a07a210,file_read,Terraform,claude-opus-4-8,94392,10375,5983
demo-063-2a07a210,tool_output,-,claude-opus-4-8,49237,5412,3121
demo-064-9e8f5bad,config,-,claude-fable-5,1055723,0,0
demo-064-9e8f5bad,config,-,claude-haiku-4-5,686770,0,0
demo-064-9e8f5bad,config,-,claude-opus-4-8,803377,0,0
demo-064-9e8f5bad,config,-,claude-sonnet-4-6,311865,45112,25943
demo-064-9e8f5bad,conversation,-,claude-fable-5,427029,8656,1229
demo-064-9e8f5bad,conversation,-,claude-haiku-4-5,389131,55767,2457
demo-064-9e8f5bad,conversation,-,claude-opus-4-8,364851,19376,1396
demo-064-9e8f5bad,conversation,-,claude-sonnet-4-6,72962,2786,1603
demo-064-9e8f5bad,file_read,Kotlin,claude-fable-5,1205204,51254,5498
demo-064-9e8f5bad,file_read,Kotlin,claude-haiku-4-5,1000019,34085,5479
demo-064-9e8f5bad,file_read,Kotlin,claude-opus-4-8,989167,25074,2784
demo-064-9e8f5bad,file_read,Kotlin,claude-sonnet-4-6,75771,10961,6303
demo-064-9e8f5bad,file_read,Markdown,claude-fable-5,128543,2547,835
demo-064-9e8f5bad,file_read,Markdown,claude-haiku-4-5,104898,0,0
demo-064-9e8f5bad,file_read,Markdown,claude-opus-4-8,148501,4603,275
demo-064-9e8f5bad,file_read,Markdown,claude-sonnet-4-6,6750,977,562
demo-064-9e8f5bad,file_read,Swift,claude-fable-5,84144,6661,1396
demo-064-9e8f5bad,file_read,Swift,claude-haiku-4-5,42838,0,0
demo-064-9e8f5bad,file_read,Swift,claude-opus-4-8,64033,0,0
demo-064-9e8f5bad,tool_output,-,claude-fable-5,272457,17969,2570
demo-064-9e8f5bad,tool_output,-,claude-haiku-4-5,247681,20552,2079
demo-064-9e8f5bad,tool_output,-,claude-opus-4-8,288051,26110,1873
demo-064-9e8f5bad,tool_output,-,claude-sonnet-4-6,3781,547,314
demo-065-b1174f4c,config,-,claude-haiku-4-5,698717,58155,1993
demo-065-b1174f4c,config,-,claude-opus-4-8,1282598,0,0
demo-065-b1174f4c,config,-,claude-sonnet-4-6,88696,0,0
demo-065-b1174f4c,conversation,-,claude-haiku-4-5,29225,2811,611
demo-065-b1174f4c,conversation,-,claude-opus-4-8,116852,7084,825
demo-065-b1174f4c,conversation,-,claude-sonnet-4-6,13430,521,152
demo-065-b1174f4c,file_read,CSS,claude-opus-4-8,72816,5725,543
demo-065-b1174f4c,file_read,CSS,claude-sonnet-4-6,10337,354,104
demo-065-b1174f4c,file_read,Markdown,claude-opus-4-8,19124,2904,452
demo-065-b1174f4c,file_read,TypeScript,claude-haiku-4-5,186946,17858,4686
demo-065-b1174f4c,file_read,TypeScript,claude-opus-4-8,863766,58948,6978
demo-065-b1174f4c,file_read,TypeScript,claude-sonnet-4-6,109037,5329,1559
demo-065-b1174f4c,tool_output,-,claude-haiku-4-5,35087,3894,1600
demo-065-b1174f4c,tool_output,-,claude-opus-4-8,130426,11761,1561
demo-065-b1174f4c,tool_output,-,claude-sonnet-4-6,14070,597,175
demo-066-48dadfab,config,-,claude-haiku-4-5,856929,0,0
demo-066-48dadfab,config,-,claude-opus-4-8,813014,36347,17595
demo-066-48dadfab,config,-,claude-sonnet-4-6,1824857,0,0
demo-066-48dadfab,conversation,-,claude-haiku-4-5,267238,11769,2313
demo-066-48dadfab,conversation,-,claude-opus-4-8,480705,25187,7696
demo-066-48dadfab,conversation,-,claude-sonnet-4-6,525108,35078,4700
demo-066-48dadfab,file_read,Markdown,claude-haiku-4-5,234170,14644,3699
demo-066-48dadfab,file_read,Markdown,claude-opus-4-8,337050,17067,3573
demo-066-48dadfab,file_read,Markdown,claude-sonnet-4-6,400149,11882,566
demo-066-48dadfab,file_read,Python,claude-haiku-4-5,783305,28653,5219
demo-066-48dadfab,file_read,Python,claude-opus-4-8,1491447,54013,9447
demo-066-48dadfab,file_read,Python,claude-sonnet-4-6,1447130,81154,10527
demo-066-48dadfab,file_read,SQL,claude-haiku-4-5,48964,498,67
demo-066-48dadfab,file_read,SQL,claude-opus-4-8,70452,0,0
demo-066-48dadfab,file_read,SQL,claude-sonnet-4-6,124882,8368,903
demo-066-48dadfab,tool_output,-,claude-haiku-4-5,284632,14760,2505
demo-066-48dadfab,tool_output,-,claude-opus-4-8,488185,27643,5397
demo-066-48dadfab,tool_output,-,claude-sonnet-4-6,485652,22024,2840
demo-067-2a53fc32,config,-,claude-fable-5,198576,0,0
demo-067-2a53fc32,config,-,claude-opus-4-8,838372,34755,29495
demo-067-2a53fc32,config,-,claude-sonnet-4-6,361769,0,0
demo-067-2a53fc32,conversation,-,claude-fable-5,20448,7492,3506
demo-067-2a53fc32,conversation,-,claude-opus-4-8,131137,26867,5854
demo-067-2a53fc32,conversation,-,claude-sonnet-4-6,63422,1653,130
demo-067-2a53fc32,file_read,Jupyter Notebook,claude-fable-5,20837,0,0
demo-067-2a53fc32,file_read,Jupyter Notebook,claude-opus-4-8,145238,3647,3095
demo-067-2a53fc32,file_read,Jupyter Notebook,claude-sonnet-4-6,93730,9246,731
demo-067-2a53fc32,file_read,Markdown,claude-fable-5,21748,0,0
demo-067-2a53fc32,file_read,Markdown,claude-opus-4-8,166371,8951,3284
demo-067-2a53fc32,file_read,Markdown,claude-sonnet-4-6,93430,8921,705
demo-067-2a53fc32,file_read,Python,claude-fable-5,33183,0,0
demo-067-2a53fc32,file_read,Python,claude-opus-4-8,327393,26685,5148
demo-067-2a53fc32,file_read,Python,claude-sonnet-4-6,166601,17599,1391
demo-067-2a53fc32,tool_output,-,claude-fable-5,16368,8476,3965
demo-067-2a53fc32,tool_output,-,claude-opus-4-8,93630,11870,124
demo-067-2a53fc32,tool_output,-,claude-sonnet-4-6,29819,0,0
demo-068-8f78e097,config,-,claude-fable-5,201706,0,0
demo-068-8f78e097,config,-,claude-haiku-4-5,1024180,0,0
demo-068-8f78e097,config,-,claude-opus-4-8,191310,64831,26123
demo-068-8f78e097,config,-,claude-sonnet-4-6,1156356,0,0
demo-068-8f78e097,conversation,-,claude-fable-5,67407,3895,702
demo-068-8f78e097,conversation,-,claude-haiku-4-5,318580,33516,6812
demo-068-8f78e097,conversation,-,claude-opus-4-8,84718,4323,1375
demo-068-8f78e097,conversation,-,claude-sonnet-4-6,484307,31364,3944
demo-068-8f78e097,file_read,Markdown,claude-fable-5,119413,6199,1357
demo-068-8f78e097,file_read,Markdown,claude-haiku-4-5,539296,18661,2999
demo-068-8f78e097,file_read,Markdown,claude-opus-4-8,119340,5866,2296
demo-068-8f78e097,file_read,Markdown,claude-sonnet-4-6,797603,34810,5280
demo-068-8f78e097,file_read,Terraform,claude-fable-5,571822,28689,4870
demo-068-8f78e097,file_read,Terraform,claude-haiku-4-5,2053201,59000,10266
demo-068-8f78e097,file_read,Terraform,claude-opus-4-8,453827,31010,10357
demo-068-8f78e097,file_read,Terraform,claude-sonnet-4-6,3087047,115358,16565
demo-068-8f78e097,file_read,YAML,claude-fable-5,38580,4128,531
demo-068-8f78e097,file_read,YAML,claude-haiku-4-5,137304,4251,684
demo-068-8f78e097,file_read,YAML,claude-opus-4-8,41368,7570,1285
demo-068-8f78e097,file_read,YAML,claude-sonnet-4-6,202828,2890,327
demo-068-8f78e097,tool_output,-,claude-fable-5,103723,1599,206
demo-068-8f78e097,tool_output,-,claude-haiku-4-5,390472,34112,4307
demo-068-8f78e097,tool_output,-,claude-opus-4-8,80917,5133,2046
demo-068-8f78e097,tool_output,-,claude-sonnet-4-6,554889,21316,4418
demo-069-9f65b230,config,-,claude-haiku-4-5,418122,60792,7683
demo-069-9f65b230,config,-,claude-opus-4-8,214313,0,0
demo-069-9f65b230,config,-,claude-sonnet-4-6,1174688,0,0
demo-069-9f65b230,conversation,-,claude-haiku-4-5,63474,10420,1586
demo-069-9f65b230,conversation,-,claude-opus-4-8,19894,1831,408
demo-069-9f65b230,conversation,-,claude-sonnet-4-6,221337,51642,7944
demo-069-9f65b230,file_read,Kotlin,claude-haiku-4-5,304656,38225,5547
demo-069-9f65b230,file_read,Kotlin,claude-opus-4-8,139351,14539,3242
demo-069-9f65b230,file_read,Kotlin,claude-sonnet-4-6,1090484,36988,6594
demo-069-9f65b230,file_read,Markdown,claude-haiku-4-5,86460,3678,465
demo-069-9f65b230,file_read,Markdown,claude-opus-4-8,55757,7889,1759
demo-069-9f65b230,file_read,Markdown,claude-sonnet-4-6,353804,10788,3943
demo-069-9f65b230,file_read,Swift,claude-haiku-4-5,25813,0,0
demo-069-9f65b230,file_read,Swift,claude-sonnet-4-6,129908,11235,196
demo-069-9f65b230,tool_output,-,claude-haiku-4-5,40843,1452,184
demo-069-9f65b230,tool_output,-,claude-opus-4-8,16393,561,125
demo-069-9f65b230,tool_output,-,claude-sonnet-4-6,172531,10362,2418
demo-070-e2fb3299,config,-,claude-haiku-4-5,202107,0,0
demo-070-e2fb3299,config,-,claude-opus-4-8,1378759,50734,8132
demo-070-e2fb3299,config,-,claude-sonnet-4-6,829625,0,0
demo-070-e2fb3299,conversation,-,claude-haiku-4-5,79766,1130,93
demo-070-e2fb3299,conversation,-,claude-opus-4-8,356033,21838,5704
demo-070-e2fb3299,conversation,-,claude-sonnet-4-6,308202,70113,5576
demo-070-e2fb3299,file_read,CSS,claude-haiku-4-5,26776,1145,94
demo-070-e2fb3299,file_read,CSS,claude-opus-4-8,79263,5774,1225
demo-070-e2fb3299,file_read,CSS,claude-sonnet-4-6,66584,0,0
demo-070-e2fb3299,file_read,Markdown,claude-haiku-4-5,67093,1474,121
demo-070-e2fb3299,file_read,Markdown,claude-opus-4-8,340097,24787,6043
demo-070-e2fb3299,file_read,Markdown,claude-sonnet-4-6,217951,0,0
demo-070-e2fb3299,file_read,TypeScript,claude-haiku-4-5,271765,6539,538
demo-070-e2fb3299,file_read,TypeScript,claude-opus-4-8,1058218,83428,23541
demo-070-e2fb3299,file_read,TypeScript,claude-sonnet-4-6,896259,23294,5029
demo-070-e2fb3299,tool_output,-,claude-haiku-4-5,71874,925,76
demo-070-e2fb3299,tool_output,-,claude-opus-4-8,352317,19715,4040
demo-070-e2fb3299,tool_output,-,claude-sonnet-4-6,328341,35704,5860
demo-071-f56a0338,config,-,claude-fable-5,129208,0,0
demo-071-f56a0338,config,-,claude-haiku-4-5,671710,0,0
demo-071-f56a0338,config,-,claude-opus-4-8,1800517,47571,1619
demo-071-f56a0338,config,-,claude-sonnet-4-6,1150023,0,0
demo-071-f56a0338,conversation,-,claude-fable-5,32474,2804,270
demo-071-f56a0338,conversation,-,claude-haiku-4-5,351137,40185,8075
demo-071-f56a0338,conversation,-,claude-opus-4-8,686523,40436,6722
demo-071-f56a0338,conversation,-,claude-sonnet-4-6,707344,24595,3708
demo-071-f56a0338,file_read,Markdown,claude-fable-5,34609,0,0
demo-071-f56a0338,file_read,Markdown,claude-haiku-4-5,373572,12866,1077
demo-071-f56a0338,file_read,Markdown,claude-opus-4-8,707972,30299,3072
demo-071-f56a0338,file_read,Markdown,claude-sonnet-4-6,699655,18881,1656
demo-071-f56a0338,file_read,Python,claude-fable-5,227071,17838,1717
demo-071-f56a0338,file_read,Python,claude-haiku-4-5,1946274,42919,7344
demo-071-f56a0338,file_read,Python,claude-opus-4-8,3592412,131171,17362
demo-071-f56a0338,file_read,Python,claude-sonnet-4-6,3549359,89536,16907
demo-071-f56a0338,file_read,SQL,claude-haiku-4-5,23341,0,0
demo-071-f56a0338,file_read,SQL,claude-opus-4-8,61345,2039,236
demo-071-f56a0338,file_read,SQL,claude-sonnet-4-6,98688,16911,2092
demo-071-f56a0338,tool_output,-,claude-fable-5,36016,3830,369
demo-071-f56a0338,tool_output,-,claude-haiku-4-5,359861,35863,2540
demo-071-f56a0338,tool_output,-,claude-opus-4-8,708414,36676,6502
demo-071-f56a0338,tool_output,-,claude-sonnet-4-6,732335,31411,3738
demo-072-fe57191e,config,-,claude-fable-5,58062,0,0
demo-072-fe57191e,config,-,claude-haiku-4-5,262049,50667,30963
demo-072-fe57191e,config,-,claude-opus-4-8,678962,0,0
demo-072-fe57191e,config,-,claude-sonnet-4-6,156295,0,0
demo-072-fe57191e,conversation,-,claude-fable-5,13809,1959,10
demo-072-fe57191e,conversation,-,claude-haiku-4-5,26193,7951,1405
demo-072-fe57191e,conversation,-,claude-opus-4-8,69692,5823,1526
demo-072-fe57191e,conversation,-,claude-sonnet-4-6,30208,945,595
demo-072-fe57191e,file_read,Jupyter Notebook,claude-fable-5,10490,0,0
demo-072-fe57191e,file_read,Jupyter Notebook,claude-haiku-4-5,22502,1549,947
demo-072-fe57191e,file_read,Jupyter Notebook,claude-opus-4-8,47197,4177,1489
demo-072-fe57191e,file_read,Jupyter Notebook,claude-sonnet-4-6,26279,1233,805
demo-072-fe57191e,file_read,Markdown,claude-fable-5,21546,6059,31
demo-072-fe57191e,file_read,Markdown,claude-haiku-4-5,36794,1575,963
demo-072-fe57191e,file_read,Markdown,claude-opus-4-8,140912,8246,1181
demo-072-fe57191e,file_read,Markdown,claude-sonnet-4-6,43281,1614,889
demo-072-fe57191e,file_read,Python,claude-fable-5,88825,5570,29
demo-072-fe57191e,file_read,Python,claude-haiku-4-5,181044,9213,5630
demo-072-fe57191e,file_read,Python,claude-opus-4-8,541487,46430,10641
demo-072-fe57191e,file_read,Python,claude-sonnet-4-6,215720,7708,4875
demo-072-fe57191e,tool_output,-,claude-fable-5,20683,3093,16
demo-072-fe57191e,tool_output,-,claude-haiku-4-5,31916,16049,1653
demo-072-fe57191e,tool_output,-,claude-opus-4-8,65441,10183,1558
demo-072-fe57191e,tool_output,-,claude-sonnet-4-6,42651,2685,1623
demo-073-5c9d18a6,config,-,claude-fable-5,580701,89608,5624
demo-073-5c9d18a6,config,-,claude-haiku-4-5,512675,0,0
demo-073-5c9d18a6,config,-,claude-opus-4-8,1218131,0,0
demo-073-5c9d18a6,config,-,claude-sonnet-4-6,1060201,0,0
demo-073-5c9d18a6,conversation,-,claude-fable-5,97766,10877,2406
demo-073-5c9d18a6,conversation,-,claude-haiku-4-5,194465,7088,1780
demo-073-5c9d18a6,conversation,-,claude-opus-4-8,277999,20334,2919
demo-073-5c9d18a6,conversation,-,claude-sonnet-4-6,201616,21293,3253
demo-073-5c9d18a6,file_read,Markdown,claude-fable-5,86567,0,0
demo-073-5c9d18a6,file_read,Markdown,claude-haiku-4-5,185721,2227,1439
demo-073-5c9d18a6,file_read,Markdown,claude-opus-4-8,386022,26926,3017
demo-073-5c9d18a6,file_read,Markdown,claude-sonnet-4-6,279475,14618,3475
demo-073-5c9d18a6,file_read,Terraform,claude-fable-5,190730,0,0
demo-073-5c9d18a6,file_read,Terraform,claude-haiku-4-5,489020,31546,4469
demo-073-5c9d18a6,file_read,Terraform,claude-opus-4-8,650379,40669,5346
demo-073-5c9d18a6,file_read,Terraform,claude-sonnet-4-6,464851,46680,7864
demo-073-5c9d18a6,tool_output,-,claude-fable-5,68255,11714,3173
demo-073-5c9d18a6,tool_output,-,claude-haiku-4-5,177827,16848,2912
demo-073-5c9d18a6,tool_output,-,claude-opus-4-8,244075,0,0
demo-073-5c9d18a6,tool_output,-,claude-sonnet-4-6,152702,15664,2577
demo-074-21a62751,config,-,claude-fable-5,234483,0,0
demo-074-21a62751,config,-,claude-haiku-4-5,94155,0,0
demo-074-21a62751,config,-,claude-opus-4-8,672815,51603,8869
demo-074-21a62751,conversation,-,claude-fable-5,47210,2282,293
demo-074-21a62751,conversation,-,claude-haiku-4-5,9785,1055,178
demo-074-21a62751,conversation,-,claude-opus-4-8,48312,4334,607
demo-074-21a62751,file_read,Kotlin,claude-fable-5,314179,9961,1276
demo-074-21a62751,file_read,Kotlin,claude-haiku-4-5,69989,6568,1107
demo-074-21a62751,file_read,Kotlin,claude-opus-4-8,361462,35071,4719
demo-074-21a62751,file_read,Markdown,claude-fable-5,38650,3660,469
demo-074-21a62751,file_read,Markdown,claude-haiku-4-5,5747,0,0
demo-074-21a62751,file_read,Markdown,claude-opus-4-8,27774,3277,504
demo-074-21a62751,file_read,Swift,claude-fable-5,20286,0,0
demo-074-21a62751,file_read,Swift,claude-haiku-4-5,8146,2395,404
demo-074-21a62751,file_read,Swift,claude-opus-4-8,16006,0,0
demo-074-21a62751,tool_output,-,claude-fable-5,51418,3169,406
demo-074-21a62751,tool_output,-,claude-haiku-4-5,9747,852,144
demo-074-21a62751,tool_output,-,claude-opus-4-8,43594,4580,638
demo-075-125ca850,config,-,claude-fable-5,167229,0,0
demo-075-125ca850,config,-,claude-haiku-4-5,405403,0,0
demo-075-125ca850,config,-,claude-opus-4-8,1553058,48928,16704
demo-075-125ca850,config,-,claude-sonnet-4-6,632485,0,0
demo-075-125ca850,conversation,-,claude-fable-5,208142,6412,903
demo-075-125ca850,conversation,-,claude-haiku-4-5,169336,17022,2824
demo-075-125ca850,conversation,-,claude-opus-4-8,678575,48534,8727
demo-075-125ca850,conversation,-,claude-sonnet-4-6,509430,30207,3934
demo-075-125ca850,file_read,CSS,claude-fable-5,104701,0,0
demo-075-125ca850,file_read,CSS,claude-haiku-4-5,89510,2467,628
demo-075-125ca850,file_read,CSS,claude-opus-4-8,436822,18092,3706
demo-075-125ca850,file_read,CSS,claude-sonnet-4-6,314327,4678,134
demo-075-125ca850,file_read,Markdown,claude-fable-5,136306,5065,713
demo-075-125ca850,file_read,Markdown,claude-haiku-4-5,170639,6807,2612
demo-075-125ca850,file_read,Markdown,claude-opus-4-8,526413,7372,2517
demo-075-125ca850,file_read,Markdown,claude-sonnet-4-6,311956,16223,1896
demo-075-125ca850,file_read,TypeScript,claude-fable-5,1060018,32732,4609
demo-075-125ca850,file_read,TypeScript,claude-haiku-4-5,745531,23148,9243
demo-075-125ca850,file_read,TypeScript,claude-opus-4-8,3270906,119690,35221
demo-075-125ca850,file_read,TypeScript,claude-sonnet-4-6,2666406,91525,12408
demo-075-125ca850,tool_output,-,claude-fable-5,228353,0,0
demo-075-125ca850,tool_output,-,claude-haiku-4-5,163729,16943,2620
demo-075-125ca850,tool_output,-,claude-opus-4-8,640758,30663,7767
demo-075-125ca850,tool_output,-,claude-sonnet-4-6,587474,37406,6062
demo-076-61e5e38e,config,-,claude-fable-5,504807,49947,14986
demo-076-61e5e38e,config,-,claude-haiku-4-5,563510,0,0
demo-076-61e5e38e,config,-,claude-opus-4-8,519733,0,0
demo-076-61e5e38e,config,-,claude-sonnet-4-6,164814,0,0
demo-076-61e5e38e,conversation,-,claude-fable-5,17583,3277,453
demo-076-61e5e38e,conversation,-,claude-haiku-4-5,67176,9568,4686
demo-076-61e5e38e,conversation,-,claude-opus-4-8,45150,3978,527
demo-076-61e5e38e,conversation,-,claude-sonnet-4-6,37433,6334,2522
demo-076-61e5e38e,file_read,Markdown,claude-fable-5,10019,0,0
demo-076-61e5e38e,file_read,Markdown,claude-haiku-4-5,59717,2479,1474
demo-076-61e5e38e,file_read,Markdown,claude-opus-4-8,32520,15783,1405
demo-076-61e5e38e,file_read,Markdown,claude-sonnet-4-6,46057,1962,1849
demo-076-61e5e38e,file_read,Python,claude-fable-5,57225,2240,672
demo-076-61e5e38e,file_read,Python,claude-haiku-4-5,281928,11783,4120
demo-076-61e5e38e,file_read,Python,claude-opus-4-8,249589,16942,3462
demo-076-61e5e38e,file_read,Python,claude-sonnet-4-6,178418,2369,2233
demo-076-61e5e38e,file_read,SQL,claude-fable-5,37776,3094,928
demo-076-61e5e38e,file_read,SQL,claude-haiku-4-5,65511,1243,206
demo-076-61e5e38e,file_read,SQL,claude-opus-4-8,45228,6327,563
demo-076-61e5e38e,file_read,SQL,claude-sonnet-4-6,45693,2682,2529
demo-076-61e5e38e,tool_output,-,claude-fable-5,31515,7099,1014
demo-076-61e5e38e,tool_output,-,claude-haiku-4-5,68943,13651,2395
demo-076-61e5e38e,tool_output,-,claude-opus-4-8,29352,355,93
demo-076-61e5e38e,tool_output,-,claude-sonnet-4-6,37765,7981,2772
demo-077-10383537,config,-,claude-haiku-4-5,143932,0,0
demo-077-10383537,config,-,claude-opus-4-8,1037544,50883,18143
demo-077-10383537,conversation,-,claude-haiku-4-5,24743,932,250
demo-077-10383537,conversation,-,claude-opus-4-8,89951,15243,2934
demo-077-10383537,file_read,Markdown,claude-haiku-4-5,24016,3622,972
demo-077-10383537,file_read,Markdown,claude-opus-4-8,32948,5240,1155
demo-077-10383537,file_read,Python,claude-haiku-4-5,61943,13480,3617
demo-077-10383537,file_read,Python,claude-opus-4-8,65863,10475,2308
demo-077-10383537,tool_output,-,claude-haiku-4-5,33997,0,0
demo-077-10383537,tool_output,-,claude-opus-4-8,129298,20534,4085
demo-078-26379ada,config,-,claude-haiku-4-5,67142,54540,3292
demo-078-26379ada,config,-,claude-opus-4-8,857291,0,0
demo-078-26379ada,config,-,claude-sonnet-4-6,1150183,0,0
demo-078-26379ada,conversation,-,claude-haiku-4-5,19953,2449,653
demo-078-26379ada,conversation,-,claude-opus-4-8,135511,5902,247
demo-078-26379ada,conversation,-,claude-sonnet-4-6,180156,18530,2857
demo-078-26379ada,file_read,Markdown,claude-haiku-4-5,13711,386,369
demo-078-26379ada,file_read,Markdown,claude-opus-4-8,55041,7949,397
demo-078-26379ada,file_read,Markdown,claude-sonnet-4-6,67606,8303,1622
demo-078-26379ada,file_read,Terraform,claude-haiku-4-5,72401,10534,2522
demo-078-26379ada,file_read,Terraform,claude-opus-4-8,512344,34066,1555
demo-078-26379ada,file_read,Terraform,claude-sonnet-4-6,603413,45887,6051
demo-078-26379ada,file_read,YAML,claude-haiku-4-5,22514,6731,406
demo-078-26379ada,file_read,YAML,claude-opus-4-8,207820,16575,908
demo-078-26379ada,file_read,YAML,claude-sonnet-4-6,229146,6021,1000
demo-078-26379ada,tool_output,-,claude-haiku-4-5,30336,6715,1054
demo-078-26379ada,tool_output,-,claude-opus-4-8,256512,13863,683
demo-078-26379ada,tool_output,-,claude-sonnet-4-6,317942,22354,4340
demo-079-9675b6d9,config,-,claude-opus-4-8,67611,27429,23535
demo-079-9675b6d9,conversation,-,claude-opus-4-8,2863,1161,996
demo-079-9675b6d9,file_read,Kotlin,claude-opus-4-8,19020,7717,6621
demo-079-9675b6d9,file_read,Markdown,claude-opus-4-8,7411,3007,2580
demo-079-9675b6d9,tool_output,-,claude-opus-4-8,5243,2127,1825
